chi_name,wind_name
春光科技,603657.SH
长城军工,601606.SH
丰山集团,603810.SH
华闻传媒,000793.SZ
汇得科技,603192.SH
捷昌驱动,603583.SH
捷佳伟创,300724.SZ
金力永磁,300748.SZ
康辰药业,603590.SH
绿茵生态,002887.SZ
鹏鼎控股,002938.SZ
天奥电子,002935.SZ
新兴装备,002933.SZ
雅运股份,603790.SH
永新光学,603297.SH
郑州银行,002936.SZ
中铝国际,601068.SH
二三四五,002195.SZ
三五互联,300051.SZ
三六零,601360.SH
三爱富,600636.SH
我爱我家,000560.SZ
亚振家居,603389.SH
艾艾精工,603580.SH
广安爱众,600979.SH
雅本化学,300261.SZ
艾比森,300389.SZ
海螺水泥,600585.SH
光迅科技,002281.SZ
上海雅仕,603329.SH
阿石创,300706.SZ
安彩高科,600207.SH
*ST安煤,600397.SH
安科瑞,300286.SZ
阿科力,603722.SH
华阳集团,002906.SZ
正裕工业,603089.SH
航天发展,000547.SZ
安迪苏,600299.SH
先进数通,300541.SZ
航发动力,600893.SH
航发科技,600391.SH
风神股份,600469.SH
航天通信,600677.SH
航天动力,600343.SH
航天晨光,600501.SH
光库科技,300620.SZ
农业银行,601288.SH
金种子酒,600199.SH
安徽合力,600761.SH
集友股份,603429.SH
航天科技,000901.SZ
中鼎股份,000887.SZ
爱尔眼科,300015.SZ
艾华集团,603989.SH
中国国航,601111.SH
空港股份,600463.SH
爱施德,002416.SZ
航天信息,600271.SH
爱建集团,600643.SH
爱康科技,002610.SZ
奥联电子,300585.SZ
常铝股份,002160.SZ
爱乐达,300696.SZ
奥维通信,002231.SZ
全志科技,300458.SZ
奥飞娱乐,002292.SZ
安硕信息,300380.SZ
亚玛顿,002623.SZ
艾德生物,300685.SZ
爱司凯,300521.SZ
安达维尔,300719.SZ
安德利,603031.SH
九安医疗,002432.SZ
安纳达,002136.SZ
皖天然气,603689.SH
安琪酵母,600298.SH
皖通高速,600012.SH
广信股份,603599.SH
中环环保,300692.SZ
众源新材,603527.SH
安洁科技,002635.SZ
安记食品,603696.SH
安井食品,603345.SH
安居宝,300155.SZ
安凯客车,000868.SZ
安科生物,300009.SZ
安靠智电,300617.SZ
安利股份,300218.SZ
安妮股份,002235.SZ
安奈儿,002875.SZ
安诺其,300067.SZ
鞍钢股份,000898.SZ
鞍重股份,002667.SZ
*ST安泰,600408.SH
安通控股,600179.SH
平治信息,300571.SZ
安正时尚,603839.SH
奥康国际,603001.SH
傲农生物,603363.SH
奥特佳,002239.SZ
奥拓电子,002587.SZ
澳洋健康,002172.SZ
亚太科技,002540.SZ
普洛药业,000739.SZ
顶点软件,603383.SH
亚太股份,002284.SZ
先锋新材,300163.SZ
爱普股份,603020.SH
诚迈科技,300598.SZ
华建集团,600629.SH
金自天正,600560.SH
中衡设计,603017.SH
亚星锚链,601890.SH
航天长峰,600855.SH
爱仕达,002403.SZ
亚士创能,603378.SH
亚泰国际,002811.SZ
奥士康,002913.SZ
世纪天鸿,300654.SZ
奥特迅,002227.SZ
设计总院,603357.SH
数据港,603881.SH
大西洋,600558.SH
安泰科技,000969.SZ
澳洋顺昌,002245.SZ
澳柯玛,600336.SH
奥瑞德,600666.SH
奥翔药业,603229.SH
欧普康视,300595.SZ
安图生物,603658.SH
华平股份,300074.SZ
中航飞机,000768.SZ
中航电子,600372.SH
中航资本,600705.SH
中航机电,002013.SZ
中航重机,600765.SH
中航沈飞,600760.SH
中航善达,000043.SZ
佳创视讯,300264.SZ
安徽水利,600502.SH
梦舟股份,600255.SH
安信信托,600816.SH
安阳钢铁,600569.SH
博瑞传播,600880.SH
创业软件,300451.SZ
爱婴室,603214.SH
百大集团,600865.SH
百洋股份,002696.SZ
博威合金,601137.SH
邦宝益智,603398.SH
棒杰股份,002634.SZ
交通银行,601328.SH
成都银行,601838.SH
中国银行,601988.SH
贵阳银行,601997.SH
江苏银行,600919.SH
宁波银行,002142.SZ
上海银行,601229.SH
*ST宝鼎,002552.SZ
保变电气,600550.SH
暴风集团,300431.SZ
大通燃气,000593.SZ
保龄宝,002286.SZ
保隆科技,603197.SH
宝新能源,000690.SZ
宝胜股份,600973.SH
宝信软件,600845.SH
宝钢股份,600019.SH
宝钢包装,601968.SH
宝塔实业,000595.SZ
宝钛股份,600456.SH
报喜鸟,002154.SZ
银宝山新,002786.SZ
芭田股份,002170.SZ
宝鹰股份,002047.SZ
柏堡龙,002776.SZ
金隅集团,601992.SH
北部湾港,000582.SZ
百川股份,002455.SZ
黑猫股份,002068.SZ
首开股份,600376.SH
首商股份,600723.SH
北斗星通,002151.SZ
轴研科技,002046.SZ
通产丽星,002243.SZ
必创科技,300667.SZ
滨化股份,601678.SH
京能置业,600791.SH
北玻股份,002613.SZ
新智认知,603869.SH
首创股份,600008.SH
翠微股份,603123.SH
华通热力,002893.SZ
北辰实业,601588.SH
东方中科,002819.SZ
贝肯能源,002828.SZ
北陆药业,300016.SZ
*ST因美,002570.SZ
北新路桥,002307.SZ
上海贝岭,600171.SH
百利电气,600468.SH
贝斯特,300580.SZ
百川能源,600681.SH
天海防务,300008.SZ
贝达药业,300558.SZ
步步高,002251.SZ
北纬科技,002148.SZ
电子城,600658.SH
歌华有线,600037.SH
高能环境,603588.SH
华大基因,300676.SZ
北矿科技,600980.SH
渤海汽车,600960.SH
百花村,600721.SH
华联股份,000882.SZ
渤海轮渡,603167.SH
渤海股份,000605.SZ
泰嘉股份,002843.SZ
必康股份,002411.SZ
比音勒芬,002832.SZ
冰川网络,300533.SZ
滨江集团,002244.SZ
天茂集团,000627.SZ
百傲化学,603360.SH
康泰生物,300601.SZ
波导股份,600130.SH
会畅通讯,300578.SZ
北巴传媒,600386.SH
数字认证,300579.SZ
北京文化,000802.SZ
华联综超,600361.SH
华业资本,600240.SH
北京利尔,002392.SZ
京能电力,600578.SH
八菱科技,002592.SZ
黑牡丹,600510.SH
百利科技,603959.SH
宝利国际,300135.SZ
龙蟒佰利,002601.SZ
宝莱特,300246.SZ
蓝盾股份,300297.SZ
蓝焰控股,000968.SZ
蓝色光标,300058.SZ
蓝帆医疗,002382.SZ
北新建材,000786.SZ
东方新星,002755.SZ
白银有色,601212.SH
宝馨科技,002514.SZ
北京银行,601169.SH
*ST信通,600289.SH
宝德股份,300023.SZ
京东方A,000725.SZ
渤海金控,000415.SZ
博晖创新,300318.SZ
博济医药,300404.SZ
博迈科,603727.SH
博敏电子,603936.SH
东方国信,300166.SZ
博信股份,600083.SH
邦讯技术,300312.SZ
博实股份,002698.SZ
博思软件,300525.SZ
博深工具,002282.SZ
宝通科技,300031.SZ
碧水源,300070.SZ
博雅生物,300294.SZ
博云新材,002297.SZ
蓝光发展,600466.SH
百润股份,002568.SZ
光明乳业,600597.SH
新晨科技,300542.SZ
远大智能,002689.SZ
荣科科技,300290.SZ
博创科技,300548.SZ
百隆东方,601339.SH
兄弟科技,002562.SZ
九强生物,300406.SZ
鲍斯股份,300441.SZ
首钢股份,000959.SZ
博世科,300422.SZ
本钢板材,000761.SZ
包钢股份,600010.SH
天坛生物,600161.SH
首旅酒店,600258.SH
号百控股,600640.SH
伯特利,603596.SH
ST明科,600091.SH
步长制药,603858.SH
北京城建,600266.SH
建研集团,002398.SZ
北京城乡,600861.SH
步森股份,002569.SZ
*ST巴士,002188.SZ
博通股份,600455.SH
宝光股份,600379.SH
汤臣倍健,300146.SZ
百邦科技,300736.SZ
比亚迪,002594.SZ
白云电器,603861.SH
八一钢铁,600581.SH
博彦科技,002649.SZ
嘉事堂,002462.SZ
中国汽研,601965.SH
凤形股份,002760.SZ
中牧股份,600195.SH
常熟汽饰,603035.SH
财通证券,601108.SH
嘉凯城,000918.SZ
中工国际,002051.SZ
骆驼股份,601311.SH
迦南科技,300412.SZ
佳力图,603912.SH
开能健康,300272.SZ
沧州明珠,002108.SZ
凯伦股份,300715.SZ
新宙邦,300037.SZ
科锐国际,300662.SZ
凯众股份,603037.SH
中航三鑫,002163.SZ
恒银金融,603106.SH
财信发展,000838.SZ
中科信息,300678.SZ
福晶科技,002222.SZ
凯莱英,002821.SZ
航天电子,600879.SH
宁德时代,300750.SZ
国农科技,000004.SZ
重庆啤酒,600132.SH
深中华A,000017.SZ
重庆百货,600729.SH
中国宝安,000009.SZ
长白山,603099.SH
诚邦股份,603316.SH
建设银行,601939.SH
中国交建,601800.SH
中天能源,600856.SH
欧亚集团,600697.SH
重庆建工,600939.SH
长春高新,000661.SZ
长春经开,600215.SH
中原传媒,000719.SZ
供销大集,000564.SZ
长春燃气,600333.SH
瑞茂通,600180.SH
中原证券,601375.SH
三环集团,300408.SZ
长春一东,600148.SH
长城影视,002071.SZ
彩虹股份,600707.SH
建发股份,600153.SH
智动力,300686.SZ
成都路桥,002628.SZ
中兴商业,000715.SZ
中潜股份,300526.SZ
旭光股份,600353.SH
东方航空,600115.SH
光大银行,601818.SH
中国海防,600764.SH
中华企业,600675.SH
雪浪环境,300385.SZ
航天工程,603698.SH
节能风电,601016.SH
中能电气,300062.SZ
中电环保,300172.SZ
中京电子,002579.SZ
*ST华信,002018.SZ
山鼎设计,300492.SZ
中关村,000931.SZ
森特股份,603098.SH
中洲控股,000042.SZ
思创医惠,300078.SZ
盛天网络,300494.SZ
巨人网络,002558.SZ
世纪华通,002602.SZ
信息发展,300469.SZ
东方市场,000301.SZ
中国电影,600977.SH
中国一重,601106.SH
华夏幸福,600340.SH
春风动力,603129.SH
中化岩土,002542.SZ
葛洲坝,600068.SH
长高集团,002452.SZ
中广核技,000881.SZ
中国长城,000066.SZ
茶花股份,603615.SH
中国铝业,601600.SH
*ST中基,000972.SZ
嘉麟杰,002486.SZ
广东骏亚,603386.SH
长安汽车,000625.SZ
常宝股份,002478.SZ
苏常柴A,000570.SZ
乾照光电,300102.SZ
长方集团,300301.SZ
长海股份,300196.SZ
四川长虹,600839.SH
昌红科技,300151.SZ
长久物流,603569.SH
长青股份,002391.SZ
常山药业,300255.SZ
三诺生物,300298.SZ
神力股份,603819.SH
常熟银行,601128.SH
风范股份,601700.SH
瑞特股份,300600.SZ
张裕A,000869.SZ
长源电力,000966.SZ
川恒股份,002895.SZ
长青集团,002616.SZ
超华科技,002288.SZ
红日药业,300026.SZ
奇正藏药,002287.SZ
郴电国际,600969.SH
*ST成城,600247.SH
承德露露,000848.SZ
西菱动力,300733.SZ
澄天伟业,300689.SZ
晨光生物,300138.SZ
诚意药业,603811.SH
诚志股份,000990.SZ
晨曦航空,300581.SZ
华铁股份,000976.SZ
赤峰黄金,600988.SH
济民制药,603222.SH
中煤能源,601898.SH
中设集团,603018.SH
华夏航空,002928.SZ
中国银河,601881.SH
中国应急,300527.SZ
中国高科,600730.SH
中国人寿,601628.SH
中国医药,600056.SH
招商公路,001965.SZ
中宠股份,002891.SZ
中国出版,601949.SH
中国中铁,601390.SH
中信建投,601066.SH
中国神华,601088.SH
中国软件,600536.SH
南方航空,600029.SH
中国卫星,600118.SH
中国天楹,000035.SZ
中钨高新,000657.SZ
中国联通,600050.SH
中国武夷,000797.SZ
中国西电,601179.SH
中文传媒,600373.SH
正泰电器,601877.SH
捷荣技术,002855.SZ
深赤湾A,000022.SZ
栖霞建设,600533.SH
潮宏基,002345.SZ
海宁皮城,002344.SZ
重庆水务,601158.SH
正川股份,603976.SH
周大生,002867.SZ
长航凤凰,000520.SZ
渝三峡A,000565.SZ
神州高铁,000008.SZ
圣济堂,600227.SH
创力集团,603012.SH
创新股份,002812.SZ
川环科技,300547.SZ
中新科技,603996.SH
春兰股份,600854.SH
楚天高速,600035.SH
雏鹰农牧,002477.SZ
驰宏锌锗,600497.SH
中国中期,000996.SZ
剑桥科技,603083.SH
文投控股,600715.SH
中集集团,000039.SZ
信达地产,600657.SH
重庆钢铁,601005.SH
辰欣药业,603367.SH
钢研高纳,300034.SZ
成飞集成,002190.SZ
中信国安,000839.SZ
中信重工,601608.SH
中信证券,600030.SH
中葡股份,600084.SH
中国国旅,601888.SH
冠城大通,600067.SH
慈文传媒,002343.SZ
慈星股份,300307.SZ
ST昌九,600228.SH
重药控股,000950.SZ
精工钢构,600496.SH
长江传媒,600757.SH
长江润发,002435.SZ
中国巨石,600176.SH
长江证券,000783.SZ
开元股份,300338.SZ
科顺股份,300737.SZ
长缆科技,002879.SZ
清源股份,603628.SH
可立克,002782.SZ
*ST云网,002306.SZ
招商银行,600036.SH
民生银行,600016.SH
大东方,600327.SH
招商轮船,601872.SH
南华生物,000504.SZ
洛阳钼业,603993.SH
招商证券,600999.SH
招商蛇口,001979.SZ
中储股份,600787.SH
中信银行,601998.SH
中国化学,601117.SH
初灵信息,300250.SZ
中国核建,601611.SH
中国重汽,000951.SZ
雪莱特,002076.SZ
中核钛白,002145.SZ
中国核电,601985.SH
英联股份,002846.SZ
中油资本,000617.SZ
北方稀土,600111.SH
中南传媒,601098.SH
中水渔业,000798.SZ
中粮生化,000930.SZ
中粮地产,000031.SZ
中粮糖业,600737.SH
中信海直,000099.SZ
中船防务,600685.SH
科新机电,300092.SZ
高盟新材,300200.SZ
齐心集团,002301.SZ
中成股份,000151.SZ
康旗股份,300061.SZ
康恩贝,600572.SH
海螺型材,000619.SZ
康斯特,300445.SZ
海油工程,600583.SH
科泰电源,300153.SZ
湘邮科技,600476.SH
康普顿,603798.SH
科力远,600478.SH
中远海特,600428.SH
中远海控,601919.SH
中远海发,601866.SH
中远海科,002401.SZ
同洲电子,002052.SZ
中海油服,601808.SH
广宇集团,002133.SZ
广生堂,300436.SZ
科创新源,300731.SZ
中油工程,600339.SH
佩蒂股份,300673.SZ
中国太保,601601.SH
华映科技,000536.SZ
重庆燃气,600917.SH
重庆港九,600279.SH
重庆路桥,600106.SH
中国铁建,601186.SH
华润双鹤,600062.SH
中再资环,600217.SH
创源文化,300703.SZ
北京科锐,002350.SZ
科创信息,300730.SZ
中交地产,000736.SZ
中房股份,600890.SH
中铁工业,600528.SH
中国中车,601766.SH
华润三九,000999.SZ
铁龙物流,600125.SH
川润股份,002272.SZ
中顺洁柔,002511.SZ
ST中安,600654.SH
ST长生,002680.SZ
长盛轴承,300718.SZ
中国建筑,601668.SH
中持股份,603903.SH
中远海能,600026.SH
南玻A,000012.SZ
科大智能,300222.SZ
中体产业,600158.SH
中国重工,601989.SH
中国动力,600482.SH
科蓝软件,300663.SZ
深冷股份,300540.SZ
中国科传,601858.SH
中船科技,600072.SH
*ST船舶,600150.SH
常山北明,000158.SZ
国检集团,603060.SH
千方科技,002373.SZ
华测检测,300012.SZ
盛屯矿业,600711.SH
诚益通,300430.SZ
康拓红外,300455.SZ
创元科技,000551.SZ
华贸物流,603128.SH
中视传媒,600088.SH
天科股份,600378.SH
萃华珠宝,002731.SZ
国旅联合,600358.SH
视源股份,002841.SZ
华西能源,002630.SZ
中国国贸,600007.SH
春兴精工,002547.SZ
澄星股份,600078.SH
川仪股份,603100.SH
长园集团,600525.SH
先达股份,603086.SH
长江电力,600900.SH
仟源医药,300254.SZ
中青旅,600138.SH
沧州大化,600230.SH
意华股份,002897.SZ
腾龙股份,603158.SH
东安动力,600178.SH
迪安诊断,300244.SZ
大东海A,000613.SZ
达刚路机,300103.SZ
大豪科技,603025.SH
大华股份,002236.SZ
岱美股份,603730.SH
大金重工,002487.SZ
达安基因,002030.SZ
大连电瓷,002606.SZ
大连港,601880.SH
大理药业,603963.SH
大立科技,002214.SZ
丹邦科技,002618.SZ
道道全,002852.SZ
道明光学,002632.SZ
大千生态,603955.SH
大秦铁路,601006.SH
德尔股份,300473.SZ
大亚圣象,000910.SZ
创业黑马,300688.SZ
达实智能,002421.SZ
大晟文化,600892.SH
大唐发电,601991.SH
*ST大唐,600198.SH
戴维医疗,300314.SZ
道恩股份,002838.SZ
大烨智能,300670.SZ
大冶特钢,000708.SZ
大有能源,600403.SH
大元泵业,603757.SH
大禹节水,300021.SZ
达志科技,300530.SZ
地素时尚,603587.SH
东宝生物,300239.SZ
光弘科技,300735.SZ
大北农,002385.SZ
迪生力,603335.SH
华谊集团,600623.SH
当代明诚,600136.SH
*ST德奥,002260.SZ
东方电气,600875.SH
东阿阿胶,000423.SZ
兔宝宝,002043.SZ
德力股份,002571.SZ
德联集团,002666.SZ
得利斯,002330.SZ
华丽家族,600503.SH
登海种业,002041.SZ
登云股份,002715.SZ
德邦股份,603056.SH
德尔未来,002631.SZ
得润电子,002055.SZ
德赛电池,000049.SZ
德赛西威,002920.SZ
东风科技,600081.SH
迪森股份,300335.SZ
德威新材,300325.SZ
德新交运,603032.SH
德展健康,000813.SZ
东风汽车,600006.SH
多氟多,002407.SZ
东方电热,300217.SZ
大连友谊,000679.SZ
东方环宇,603706.SH
东方精工,002611.SZ
东风股份,601515.SH
东方时尚,603377.SH
大丰实业,603081.SH
东方园林,002310.SZ
东华软件,002065.SZ
丹化科技,600844.SH
东华能源,002221.SZ
华银电力,600744.SH
大湖股份,600257.SH
大连重工,002204.SZ
东华科技,002140.SZ
大恒科技,600288.SH
岱勒新材,300700.SZ
电光科技,002730.SZ
三超新材,300554.SZ
迪贝电气,603320.SH
大康农业,002505.SZ
神州数码,000034.SZ
鼎捷软件,300378.SZ
帝龙文化,002247.SZ
迪马股份,600565.SH
鼎汉技术,300011.SZ
世纪鼎利,300050.SZ
鼎龙股份,300054.SZ
顺丰控股,002352.SZ
迪瑞医疗,300396.SZ
东江环保,002672.SZ
ST大控,600747.SH
大龙地产,600159.SH
万邦德,002082.SZ
横店东磁,002056.SZ
印纪传媒,002143.SZ
博士眼镜,300622.SZ
多喜爱,002761.SZ
东诚药业,002675.SZ
东方电子,000682.SZ
东莞控股,000828.SZ
东宏股份,603856.SH
东华测试,300354.SZ
东兴证券,601198.SH
东旭光电,000413.SZ
东珠生态,603359.SH
*ST东凌,000893.SZ
宁波东力,002164.SZ
多伦科技,603528.SH
双箭股份,002381.SZ
双象股份,002395.SZ
大博医疗,002901.SZ
青岛双星,000599.SZ
达威股份,300535.SZ
道氏技术,300409.SZ
东音股份,002793.SZ
动力源,600405.SH
大庆华科,000985.SZ
大冷股份,000530.SZ
鹏博士,600804.SH
东软载波,300183.SZ
大商股份,600694.SH
东山精密,002384.SZ
道森股份,603800.SH
大参林,603233.SH
大同煤业,601001.SH
大连热电,600719.SH
盾安环境,002011.SZ
敦煌种业,600354.SH
迪威迅,300167.SZ
帝欧家居,002798.SZ
东旭蓝天,000040.SZ
大洋电机,002249.SZ
德美化工,002054.SZ
绿色动力,601330.SH
东易日盛,002713.SZ
读者传媒,603999.SH
獐子岛,002069.SZ
大智慧,601519.SH
大众交通,600611.SH
大众公用,600635.SH
恒泰实达,300513.SZ
怡亚通,002183.SZ
伊戈尔,002922.SZ
电科院,300215.SZ
奥佳华,002614.SZ
当升科技,300073.SZ
易事特,300376.SZ
东方通信,600776.SH
东信和平,002017.SZ
东方金钰,600086.SH
东方财富,300059.SZ
易世达,300125.SZ
宜通世纪,300310.SZ
东方铁塔,002545.SZ
东方嘉盛,002889.SZ
易见股份,600093.SH
宏昌电子,603002.SH
光大嘉宝,600622.SH
光大证券,601788.SH
华东电脑,600850.SH
东晶电子,002199.SZ
上海洗霸,603200.SH
毅昌股份,002420.SZ
美丽生态,000010.SZ
科沃斯,603486.SH
理邦仪器,300206.SZ
艾迪精密,603638.SH
明德生物,002932.SZ
漫步者,002351.SZ
亿晶光电,600537.SH
艾格拉斯,002619.SZ
数字政通,300075.SZ
欧浦智网,002711.SZ
电连技术,300679.SZ
电魂网络,603258.SH
光一科技,300356.SZ
东湖高新,600133.SH
亿利洁能,600277.SH
歌力思,603808.SH
依顿电子,603328.SH
恒为科技,603496.SH
峨眉山A,000888.SZ
雄帝科技,300546.SZ
东材科技,601208.SH
派思股份,603318.SH
银江股份,300020.SZ
光线传媒,300251.SZ
新奥股份,600803.SH
英搏尔,300681.SZ
英维克,002837.SZ
宜安科技,300328.SZ
新易盛,300502.SZ
尔康制药,300267.SZ
鄂尔多斯,600295.SH
恒锋工具,300488.SZ
埃斯顿,002747.SZ
易尚展示,002751.SZ
永鼎股份,600105.SH
德豪润达,002005.SZ
安控科技,300370.SZ
易德龙,603380.SH
法兰泰克,603966.SH
亿纬锂能,300014.SZ
远方信息,300306.SZ
悦心健康,002162.SZ
三六五网,300295.SZ
永安行,603776.SH
长盈精密,300115.SZ
激智科技,300566.SZ
风语筑,603466.SH
飞乐音响,600651.SH
惠伦晶体,300460.SZ
方大炭素,600516.SH
方大集团,000055.SZ
方大特钢,600507.SH
方盛制药,603998.SH
法拉电子,600563.SH
法尔胜,000890.SZ
兴森科技,002436.SZ
一汽富维,600742.SH
一汽轿车,000800.SZ
富奥股份,000030.SZ
广和通,300638.SZ
佛慈制药,002644.SZ
菲达环保,600526.SH
菲利华,300395.SZ
飞力达,300240.SZ
飞鹿股份,300665.SZ
飞马国际,002210.SZ
飞天诚信,300386.SZ
奋达科技,002681.SZ
风华高科,000636.SZ
丰乐种业,000713.SZ
丰林集团,601996.SH
锋龙股份,002931.SZ
丰元股份,002805.SZ
丰原药业,000153.SZ
福日电子,600203.SH
烽火电子,000561.SZ
烽火通信,600498.SH
金融街,000402.SZ
*ST凡谷,002194.SZ
福斯特,603806.SH
第一创业,002797.SZ
一拖股份,601038.SH
飞亚达A,000026.SZ
福建水泥,600802.SH
东百集团,600693.SH
中旗股份,300575.SZ
同花顺,300033.SZ
飞科电器,603868.SH
展鹏科技,603488.SH
富满电子,300671.SZ
聚灿光电,300708.SZ
分众传媒,002027.SZ
焦点科技,002315.SZ
福达合金,603045.SH
富邦股份,300387.SZ
恒华科技,300365.SZ
四方精创,300468.SZ
福成股份,600965.SH
润欣科技,300493.SZ
佛燃股份,002911.SZ
复星医药,600196.SH
福达股份,603166.SH
福田汽车,600166.SH
方正电机,002196.SZ
方正证券,601901.SH
方正科技,600601.SH
世纪星源,000005.SZ
工业富联,601138.SH
聚光科技,300203.SZ
星星科技,300256.SZ
辅仁药业,600781.SH
飞荣达,300602.SZ
福瑞股份,300049.SZ
友讯达,300514.SZ
富瑞特装,300228.SZ
佛山照明,000541.SZ
三祥新材,603663.SH
佛塑科技,000973.SZ
*ST抚钢,600399.SH
福鞍股份,603315.SH
富安娜,002327.SZ
福安药业,300194.SZ
富春股份,300299.SZ
富春环保,002479.SZ
复旦复华,600624.SH
富煌钢构,002743.SZ
福建高速,600033.SH
福建金森,002679.SZ
*ST富控,600634.SH
涪陵电力,600452.SH
涪陵榨菜,002507.SZ
富临精工,300432.SZ
富临运业,002357.SZ
富瀚微,300613.SZ
龙马环卫,603686.SH
福能股份,600483.SH
浙江富润,600070.SH
富森美,002818.SZ
富祥股份,300497.SZ
新城控股,601155.SH
ST慧球,600556.SH
福星股份,000926.SZ
福耀玻璃,600660.SH
凤竹纺织,600493.SH
吉比特,603444.SH
广汽集团,601238.SH
贵航股份,600523.SH
银河生物,000806.SZ
银河磁体,300127.SZ
赣锋锂业,002460.SZ
元祖股份,603886.SH
国芳集团,601086.SH
赣粤高速,600269.SH
高科石化,002778.SZ
花园生物,300401.SZ
白云机场,600004.SH
华软科技,002453.SZ
省广集团,002400.SZ
桂东电力,600310.SH
广州发展,600098.SH
东阳光科,600673.SH
金安国纪,002636.SZ
广东明珠,600382.SH
国电电力,600795.SH
广东榕泰,600589.SH
粤电力A,000539.SZ
金亚科技,300028.SZ
格林美,002340.SZ
晋亿实业,601002.SH
金地集团,600383.SH
智度股份,000676.SZ
原尚股份,603813.SH
金溢科技,002869.SZ
洲际油气,600759.SH
甘肃电投,000791.SZ
基蛋生物,603387.SH
金鹰股份,600232.SH
共达电声,002655.SZ
广发证券,000776.SZ
国光股份,002749.SZ
国光电器,002045.SZ
桂冠电力,600236.SH
冠豪高新,600433.SH
粤水电,002060.SZ
光华科技,002741.SZ
冠昊生物,300238.SZ
广哈通信,300711.SZ
广汇物流,600603.SH
光环新网,300383.SZ
吉艾科技,300309.SZ
精研科技,300709.SZ
吉峰科技,300022.SZ
绿庭投资,600695.SH
兆易创新,603986.SH
金花股份,600080.SH
高伟达,300465.SZ
S佳通,600182.SH
乔治白,002687.SZ
广聚能源,000096.SZ
国睿科技,600562.SH
ST山水,600234.SH
五矿稀土,000831.SZ
跨境通,002640.SZ
广联达,002410.SZ
誉衡药业,002437.SZ
桂林三金,002275.SZ
光力科技,300480.SZ
天津磁卡,600800.SH
尚荣医疗,002551.SZ
金银河,300619.SZ
国美通讯,600898.SH
国脉科技,002093.SZ
高澜股份,300499.SZ
金运激光,300220.SZ
歌尔股份,002241.SZ
国发股份,600538.SH
高鸿股份,000851.SZ
国科微,300672.SZ
金卡智能,300349.SZ
金杯电工,002533.SZ
浦东金桥,600639.SH
锦龙股份,000712.SZ
金刚玻璃,300093.SZ
金牌厨柜,603180.SH
金海环境,603311.SH
高乐股份,002348.SZ
金螳螂,002081.SZ
金太阳,300606.SZ
金风科技,002202.SZ
国恩股份,002768.SZ
共进股份,603118.SH
苏州固锝,002079.SZ
汇顶科技,603160.SH
顾地科技,002694.SZ
光莆股份,300632.SZ
高斯贝尔,002848.SZ
高新兴,300098.SZ
高升控股,000971.SZ
超声电子,000823.SZ
粤高速A,000429.SZ
国风塑业,000859.SZ
GQY视讯,300076.SZ
宏川智慧,002930.SZ
神农基因,300189.SZ
瀚蓝环境,600323.SH
广百股份,002187.SZ
远大控股,000626.SZ
广田集团,002482.SZ
宏辉果蔬,603336.SH
巨轮智能,002031.SZ
鹏辉能源,300438.SZ
*ST东南,002263.SZ
巨星科技,002444.SZ
大名城,600094.SH
文化长城,300089.SZ
长城汽车,601633.SH
格力电器,000651.SZ
绿城水务,601368.SH
青松股份,300132.SZ
格力地产,600185.SH
广电运通,002152.SZ
广日股份,600894.SH
有研新材,600206.SH
广泽股份,600882.SH
通用股份,601500.SH
辰安科技,300523.SZ
莫高股份,600543.SH
广深铁路,601333.SH
荣华实业,600311.SH
桂林旅游,000978.SZ
国泰君安,601211.SH
刚泰控股,600687.SH
冠福股份,002102.SZ
广博股份,002103.SZ
奥飞数据,300738.SZ
达安股份,300635.SZ
广弘控股,000529.SZ
国立科技,300716.SZ
广东鸿图,002101.SZ
粤传媒,002181.SZ
三雄极光,300625.SZ
广汇能源,600256.SH
广济药业,000952.SZ
威海广泰,002111.SZ
广西广电,600936.SH
广誉远,600771.SH
嘉诚国际,603535.SH
金逸影视,002905.SZ
广州港,601228.SH
广州酒家,603043.SH
冠农股份,600251.SH
古鳌科技,300551.SZ
硅宝科技,300019.SZ
高德红外,002414.SZ
桂发祥,002820.SZ
贵人鸟,603555.SH
粤桂股份,000833.SZ
贵州燃气,600903.SH
勘设股份,603458.SH
古井贡酒,000596.SZ
国城矿业,000688.SZ
科大国创,300520.SZ
国创高新,002377.SZ
国联水产,300094.SZ
国信证券,002736.SZ
国盛金控,002670.SZ
国泰集团,603977.SH
国统股份,002205.SZ
国机通用,600444.SH
紫光国微,002049.SZ
国元证券,000728.SZ
九有股份,600462.SH
光威复材,300699.SZ
长城动漫,000835.SZ
长城电工,600192.SH
国新能源,600617.SH
国轩高科,002074.SZ
白云山,600332.SH
广宇发展,000537.SZ
古越龙山,600059.SH
贵州百灵,002424.SZ
贵广网络,600996.SH
国祯环保,300388.SZ
光正集团,002524.SZ
高争民爆,002827.SZ
珠江实业,600684.SH
红星发展,600367.SH
黔轮胎A,000589.SZ
贵绳股份,600992.SH
粤泰股份,600393.SH
*ST哈空,600202.SH
北大荒,600598.SH
哈尔斯,002615.SZ
杭齿前进,601177.SH
中直股份,600038.SH
海波重科,300517.SZ
海达股份,300320.SZ
海大集团,002311.SZ
青岛海尔,600690.SH
海格通信,002465.SZ
海峡环保,603817.SH
海亮股份,002203.SZ
海利得,002206.SZ
海联金汇,002537.SZ
海利尔,603639.SH
海陆重工,002255.SZ
海伦钢琴,300329.SZ
海马汽车,000572.SZ
海默科技,300084.SZ
钧达股份,002865.SZ
海南海药,000566.SZ
海航基础,600515.SH
海南矿业,601969.SH
海南橡胶,601118.SH
海南瑞泽,002596.SZ
*ST椰岛,600238.SH
海汽集团,603069.SH
海思科,002653.SZ
海顺新材,300501.SZ
中国海诚,002116.SZ
海特高新,002023.SZ
海天味业,603288.SH
海通证券,600837.SH
海欣食品,002702.SZ
海越能源,600387.SH
汉鼎宇佑,300300.SZ
万通智控,300643.SZ
汉钟精机,002158.SZ
汉得信息,300170.SZ
杭叉集团,603298.SH
航新科技,300424.SZ
杭氧股份,002430.SZ
杭电股份,603618.SH
纵横通信,603602.SH
汉嘉设计,300746.SZ
寒锐钴业,300618.SZ
汉森制药,002412.SZ
大族激光,002008.SZ
汉王科技,002362.SZ
汉威科技,300007.SZ
昊华能源,601101.SH
豪能股份,603809.SH
浩物股份,000757.SZ
好想你,002582.SZ
浩云科技,300448.SZ
昊志机电,300503.SZ
芒果超媒,300413.SZ
哈三联,002900.SZ
*ST海润,600401.SH
哈森股份,603958.SH
华域汽车,600741.SH
湖北广电,000665.SZ
华创阳安,600155.SH
和邦生物,603077.SH
杭锅股份,002534.SZ
汉邦高科,300449.SZ
华谊兄弟,300027.SZ
惠博普,002554.SZ
三峡新材,600293.SH
*ST宜化,000422.SZ
ST河化,000953.SZ
华中数控,300161.SZ
华灿光电,300323.SZ
洪城水业,600461.SH
洪都航空,600316.SH
华电能源,600726.SH
沪电股份,002463.SZ
华东重机,002685.SZ
海德股份,000567.SZ
海川智能,300720.SZ
华东医药,000963.SZ
华电国际,600027.SH
鸿达兴业,002002.SZ
河钢股份,000709.SZ
养元饮品,603156.SH
海南高速,000886.SZ
常青股份,603768.SH
湖北能源,000883.SZ
恒天海龙,000677.SZ
设研院,300732.SZ
思维列控,603508.SH
恒宝股份,002104.SZ
恒大高新,002591.SZ
恒锋信息,300605.SZ
恒丰纸业,600356.SH
横河模具,300539.SZ
恒康医疗,002219.SZ
恒林股份,603661.SH
恒顺醋业,600305.SH
恒通股份,603223.SH
恒通科技,300374.SZ
恒星科技,002132.SZ
穗恒运A,000531.SZ
海普瑞,002399.SZ
和仁科技,300550.SZ
海兴电力,603556.SH
合纵科技,300477.SZ
惠发股份,603536.SH
合肥百货,000417.SZ
华锋股份,002806.SZ
合锻智能,603011.SH
长虹美菱,000521.SZ
上海沪工,603131.SH
弘高创意,002504.SZ
*ST工新,600701.SH
横店影视,603103.SH
华工科技,000988.SZ
华虹计通,300330.SZ
哈高科,600095.SH
黄河旋风,600172.SH
中海达,300177.SZ
高新发展,000628.SZ
海辰药业,300584.SZ
合康新能,300048.SZ
湖南投资,000548.SZ
汇鸿集团,600981.SH
海立股份,600619.SH
海印股份,000861.SZ
新华锦,600735.SH
海康威视,002415.SZ
海利生物,603718.SH
豪迈科技,002595.SZ
海联讯,300277.SZ
海天精工,601882.SH
海翔药业,002099.SZ
海正药业,600267.SH
海泰发展,600082.SH
海特生物,300683.SZ
海得控制,002184.SZ
宏图高科,600122.SH
惠威科技,002888.SZ
杭州解百,600814.SH
韩建河山,603616.SH
合金投资,000633.SZ
航锦科技,000818.SZ
汇金通,603577.SH
罗牛山,000735.SZ
和科达,002816.SZ
香江控股,600162.SH
华立股份,603038.SH
海澜之家,600398.SH
湖南海利,600731.SH
锌业股份,000751.SZ
恒力股份,600346.SH
汉缆股份,002498.SZ
合力科技,603917.SH
恒立实业,000622.SZ
海兰信,300065.SZ
海伦哲,300201.SZ
赫美集团,002356.SZ
华懋科技,603306.SH
华铭智能,300462.SZ
海航控股,600221.SH
华自科技,300490.SZ
凯撒旅游,000796.SZ
海航创新,600555.SH
海航投资,000616.SZ
友阿股份,002277.SZ
湖南发展,000722.SZ
华升股份,600156.SH
南岭民爆,002096.SZ
京粮控股,000505.SZ
湖南盐业,600929.SH
湖南天雁,600698.SH
正虹科技,000702.SZ
中科电气,300035.SZ
和晶科技,300279.SZ
和佳股份,300273.SZ
好莱客,603898.SH
合力泰,002217.SZ
好利来,002729.SZ
合诚股份,603909.SH
奥马电器,002668.SZ
好当家,600467.SH
弘信电子,300657.SZ
红宝丽,002165.SZ
鸿博股份,002229.SZ
宏大爆破,002683.SZ
宏达股份,600331.SH
宏达高科,002144.SZ
宏达矿业,600532.SH
宏达新材,002211.SZ
红豆股份,600400.SH
宏发股份,600885.SH
洪汇新材,002802.SZ
鸿利智汇,300219.SZ
鸿路钢构,002541.SZ
红旗连锁,002697.SZ
宏润建设,002062.SZ
宏盛股份,603090.SH
洪涛股份,002325.SZ
鸿特科技,300176.SZ
红宇新材,300345.SZ
康芝药业,300086.SZ
湘油泵,603319.SH
润和软件,300339.SZ
禾望电气,603063.SH
合盛硅业,603260.SH
和胜股份,002824.SZ
东方银星,600753.SH
好太太,603848.SH
厚普股份,300471.SZ
平高电气,600312.SH
哈药股份,600664.SH
华能国际,600011.SH
秋林集团,600891.SH
恒瑞医药,600276.SH
恒润股份,603985.SH
人民同泰,600829.SH
华仁药业,300110.SZ
杭州园林,300649.SZ
和顺电气,300141.SZ
汉商集团,600774.SH
众泰汽车,000980.SZ
中科新材,002290.SZ
ST宏盛,600817.SH
黄山旅游,600054.SH
恒顺众昇,300208.SZ
航天机电,600151.SH
龙江交通,601188.SH
亨通光电,600487.SH
哈投股份,600864.SH
和而泰,002402.SZ
华泰证券,601688.SH
华安证券,600909.SH
华宝股份,300741.SZ
华测导航,300627.SZ
华策影视,300133.SZ
华昌化工,002274.SZ
华昌达,300278.SZ
华达科技,603358.SH
华电重工,601226.SH
华鼎股份,601113.SH
华东科技,000727.SZ
深华发A,000020.SZ
华发股份,600325.SH
华纺股份,600448.SH
华峰氨纶,002064.SZ
华峰超纤,300180.SZ
华孚时尚,002042.SZ
华海药业,600521.SH
华宏科技,002645.SZ
华锦股份,000059.SZ
华金资本,000532.SZ
华凯创意,300592.SZ
华控赛格,000068.SZ
华兰生物,002007.SZ
华菱星马,600375.SH
华鲁恒升,600426.SH
华录百纳,300291.SZ
华脉科技,603042.SH
华茂股份,000850.SZ
华媒控股,000607.SZ
华明装备,002270.SZ
华能水电,600025.SH
皇马科技,603181.SH
黄山胶囊,002817.SZ
煌上煌,002695.SZ
*ST皇台,000995.SZ
华鹏飞,300350.SZ
华邦健康,002004.SZ
深圳华强,000062.SZ
华瑞股份,300626.SZ
华斯股份,002494.SZ
华天科技,002185.SZ
华天酒店,000428.SZ
华铁科技,603300.SH
华体科技,603679.SH
华统股份,002840.SZ
华通医药,002758.SZ
骅威文化,002502.SZ
华伍股份,300095.SZ
华夏银行,600015.SH
华信新材,300717.SZ
华新水泥,600801.SH
华星创业,300025.SZ
华西证券,002926.SZ
华讯方舟,000687.SZ
华仪电气,600290.SH
华英农业,002321.SZ
华友钴业,603799.SH
华源控股,002787.SZ
华正新材,603186.SH
振华股份,603067.SH
合肥城建,002208.SZ
瀚叶股份,600226.SH
濮阳惠成,300481.SZ
惠达卫浴,603385.SH
ST辉丰,002496.SZ
辉煌科技,002296.SZ
汇洁股份,002763.SZ
汇金股份,300368.SZ
辉隆股份,002556.SZ
惠泉啤酒,600573.SH
回天新材,300041.SZ
惠天热电,000692.SZ
汇通能源,600605.SH
汇中股份,300371.SZ
恒邦股份,002237.SZ
湖南黄金,002155.SZ
恒生电子,600570.SH
沪宁股份,300669.SZ
华力创通,300045.SZ
人福医药,600079.SH
华西股份,000936.SZ
海信电器,600060.SH
海欣股份,600851.SH
合兴包装,002228.SZ
杭萧钢构,600477.SH
恒信东方,300081.SZ
华钰矿业,601020.SH
翰宇药业,300199.SZ
凯普生物,300639.SZ
汇源通信,000586.SZ
长虹华意,000404.SZ
华扬联众,603825.SH
海源复材,002529.SZ
恒源煤电,600971.SH
红阳能源,600758.SH
恒逸石化,000703.SZ
华远地产,600743.SH
海能达,002583.SZ
杭州银行,600926.SH
杭州高新,300478.SZ
杭钢股份,600126.SH
华资实业,600191.SH
建科院,300675.SZ
建研院,603183.SH
工商银行,601398.SH
国中水务,600187.SH
申通快递,002468.SZ
爱迪尔,002740.SZ
地尔汉宇,300403.SZ
积成电子,002339.SZ
快意电梯,002774.SZ
科大讯飞,002230.SZ
爱柯迪,600933.SH
国际医学,000516.SZ
阳普医疗,300030.SZ
英派斯,002899.SZ
兴业矿业,000426.SZ
英可瑞,300713.SZ
兴业银行,601166.SH
云赛智联,600602.SH
英飞拓,002528.SZ
银之杰,300085.SZ
盈峰环境,000967.SZ
音飞储存,603066.SH
盈方微,000670.SZ
贤丰控股,002141.SZ
北京君正,300223.SZ
引力传媒,603598.SH
创新医疗,002173.SZ
先锋电子,002767.SZ
英洛华,000795.SZ
汇川技术,300124.SZ
浙大网新,600797.SH
英科医疗,300677.SZ
浩丰科技,300419.SZ
英特集团,000411.SZ
盈趣科技,002925.SZ
远望谷,002161.SZ
英飞特,300582.SZ
英威腾,002334.SZ
银座股份,600858.SH
掌阅科技,603533.SH
世纪瑞尔,300150.SZ
三盛教育,300282.SZ
兴业证券,601377.SH
浪潮软件,600756.SH
厦门国贸,600755.SH
杰恩设计,300668.SZ
江淮汽车,600418.SH
杰克股份,603337.SH
健帆生物,300529.SZ
江河集团,601886.SH
劲胜智能,300083.SZ
健盛集团,603558.SH
佳士科技,300193.SZ
津滨发展,000897.SZ
康欣新材,600076.SH
精测电子,300567.SZ
上海天洋,603330.SH
江西铜业,600362.SH
长电科技,600584.SH
金诚信,603979.SH
金财互联,002530.SZ
九鼎投资,600053.SH
金钼股份,601958.SH
金盾股份,300411.SZ
宁波精达,603088.SH
建投能源,000600.SZ
*ST佳电,000922.SZ
杰瑞股份,002353.SZ
捷成股份,300182.SZ
绿地控股,600606.SH
金发拉比,002762.SZ
聚飞光电,300303.SZ
力星股份,300421.SZ
金冠股份,300510.SZ
酒鬼酒,000799.SZ
晶华新材,603683.SH
江海股份,002484.SZ
嘉化能源,600273.SH
吉宏股份,002803.SZ
江化微,603078.SH
金鸿顺,603922.SH
金禾实业,002597.SZ
九华旅游,603199.SH
佳发教育,300559.SZ
加加食品,002650.SZ
家家悦,603708.SH
ST嘉陵,600877.SH
佳隆股份,002495.SZ
江南化工,002226.SZ
中兵红箭,000519.SZ
江南水务,601199.SH
江山欧派,603208.SH
大港股份,002077.SZ
鼎胜新材,603876.SH
宁沪高速,600377.SH
江苏租赁,600901.SH
花王股份,603007.SH
弘业股份,600128.SH
捷捷微电,300623.SZ
久吾高科,300631.SZ
江苏舜天,600287.SH
传艺科技,002866.SZ
怡达股份,300721.SZ
正丹股份,300641.SZ
中设股份,002883.SZ
江特电机,002176.SZ
江西长运,600561.SH
同和药业,300636.SZ
新余国科,300722.SZ
电工合金,300697.SZ
健民集团,600976.SH
建新股份,300107.SZ
建艺集团,002789.SZ
交大昂立,600530.SH
珈伟股份,300317.SZ
嘉欣丝绸,002404.SZ
嘉友国际,603871.SH
嘉寓股份,300117.SZ
嘉泽新能,601619.SH
冀东水泥,000401.SZ
冀东装备,000856.SZ
杰赛科技,002544.SZ
际华集团,601718.SH
吉华集团,603980.SH
冀凯股份,002691.SZ
吉大通信,300597.SZ
金辰股份,603396.SH
金城医药,300233.SZ
锦富技术,300128.SZ
新劲刚,300629.SZ
京城股份,600860.SH
景峰医药,000908.SZ
精功科技,002006.SZ
精华制药,002349.SZ
景嘉微,300474.SZ
晶瑞股份,300655.SZ
晶盛机电,300316.SZ
金固股份,002488.SZ
金贵银业,002716.SZ
京新药业,002020.SZ
景兴纸业,002067.SZ
精艺股份,002295.SZ
靖远煤电,000552.SZ
金河生物,002688.SZ
金徽酒,603919.SH
劲嘉股份,002191.SZ
金健米业,600127.SH
锦江投资,600650.SH
锦江股份,600754.SH
金科股份,000656.SZ
金科文化,300459.SZ
金雷风电,300443.SZ
金利华电,300069.SZ
金陵饭店,601007.SH
*ST金岭,000655.SZ
金陵药业,000919.SZ
金陵体育,300651.SZ
金龙机电,300032.SZ
金龙羽,002882.SZ
金路集团,000510.SZ
金能科技,603113.SH
金牛化工,600722.SH
金瑞矿业,600714.SH
晋西车轴,600495.SH
生物股份,600201.SH
金字火腿,002515.SZ
久之洋,300516.SZ
吉视传媒,601929.SH
九典制药,300705.SZ
九鼎新材,002201.SZ
久联发展,002037.SZ
久立特材,002318.SZ
久远银海,002777.SZ
九洲药业,603456.SH
吉药控股,300108.SZ
金晶科技,600586.SH
江龙船艇,300589.SZ
吉林敖东,000623.SZ
界龙实业,600836.SH
吉林化纤,000420.SZ
吉林高速,601518.SH
聚龙股份,300202.SZ
金轮股份,002722.SZ
吉林森工,600189.SH
紫鑫药业,002118.SZ
江铃汽车,000550.SZ
金明精机,300281.SZ
朗博科技,603655.SH
江南高纤,600527.SH
九牧王,601566.SH
久其软件,002279.SZ
健康元,600380.SH
昭衍新药,603127.SH
集泰股份,002909.SZ
九州通,600998.SH
中来股份,300393.SZ
中石科技,300684.SZ
中航光电,002179.SZ
中炬高新,600872.SH
优德精密,300549.SZ
九阳股份,002242.SZ
吉电股份,000875.SZ
金浦钛业,000545.SZ
京泉华,002885.SZ
江泉实业,600212.SH
江阴银行,002807.SZ
坚瑞沃能,300116.SZ
江山股份,600389.SH
广东甘化,000576.SZ
江苏有线,600959.SH
金石东方,300434.SZ
井神股份,603299.SH
江苏国泰,002091.SZ
恒立液压,601100.SH
酒钢宏兴,600307.SH
江苏新能,603693.SH
京山轻机,000821.SZ
四环生物,000518.SZ
江苏阳光,600220.SH
捷顺科技,002609.SZ
苏交科,300284.SZ
江苏吴中,600200.SH
综艺股份,600770.SH
劲拓股份,300400.SZ
金通灵,300091.SZ
京天利,300399.SZ
绝味食品,603517.SH
巨力索具,002342.SZ
南京聚隆,300644.SZ
聚隆科技,300475.SZ
济川药业,600566.SH
吉祥航空,603885.SH
君禾股份,603617.SH
君正集团,601216.SH
经纬辉开,300120.SZ
京威股份,002662.SZ
经纬纺机,000666.SZ
佳讯飞鸿,300213.SZ
赣能股份,000899.SZ
金新农,002548.SZ
金信诺,300252.SZ
*ST金宇,000803.SZ
金圆股份,000546.SZ
佳云科技,300242.SZ
嘉应制药,002198.SZ
京运通,601908.SH
集智股份,300553.SZ
金洲慈航,000587.SZ
九洲电气,300040.SZ
冀中能源,000937.SZ
振江股份,603507.SH
锦州港,600190.SH
九芝堂,000989.SZ
焦作万方,000612.SZ
江中药业,600750.SH
*ST凯迪,000939.SZ
开尔新材,300234.SZ
深科技,000021.SZ
凯乐科技,600260.SH
凯龙股份,002783.SZ
凯美特气,002549.SZ
凯瑞德,002072.SZ
凯撒文化,002425.SZ
开山股份,300257.SZ
凯文教育,002659.SZ
凯恩股份,002012.SZ
康达新材,002669.SZ
康惠制药,603139.SH
康跃科技,300391.SZ
科恒股份,300340.SZ
康缘药业,600557.SH
康盛股份,002418.SZ
开创国际,600097.SH
科达利,002850.SZ
康德莱,603987.SH
弘亚数控,002833.SZ
旷达科技,002516.SZ
康得新,002450.SZ
众应互联,002464.SZ
开滦股份,600997.SH
科达洁能,600499.SH
苏州科达,603660.SH
科达股份,600986.SH
科迪乳业,002770.SZ
科林电气,603050.SH
科华恒盛,002335.SZ
克来机电,603960.SH
科力尔,002892.SZ
柯利达,603828.SH
科林环保,002499.SZ
海信科龙,000921.SZ
科隆股份,300405.SZ
科伦药业,002422.SZ
克明面业,002661.SZ
金莱特,002723.SZ
科融环境,300152.SZ
科森科技,603626.SH
亚联发展,002316.SZ
科远股份,002380.SZ
凯发电气,300407.SZ
江丰电子,300666.SZ
科华控股,603161.SH
科华生物,002022.SZ
康弘药业,002773.SZ
旗滨集团,601636.SH
凯利泰,300326.SZ
莱克电气,603355.SH
金达威,002626.SZ
金一文化,002721.SZ
金正大,002470.SZ
金发科技,600143.SH
京汉股份,000615.SZ
青岛金王,002094.SZ
新莱应材,300260.SZ
金洲管道,002443.SZ
京蓝科技,000711.SZ
金域医学,603882.SH
金石资源,603505.SH
今世缘,603369.SH
方直科技,300235.SZ
勤上股份,002638.SZ
科斯伍德,300192.SZ
御银股份,002177.SZ
坚朗五金,002791.SZ
景旺电子,603228.SH
会稽山,601579.SH
康隆达,603665.SH
康力电梯,002367.SZ
金龙汽车,600686.SH
川金诺,300505.SZ
康美药业,600518.SH
康尼机电,603111.SH
金力泰,300225.SZ
格尔软件,603232.SH
*ST康达,000048.SZ
深康佳A,000016.SZ
开润股份,300577.SZ
口子窖,603589.SH
昆药集团,600422.SH
科士达,002518.SZ
今创集团,603680.SH
广信材料,300537.SZ
顾家家居,603816.SH
坤彩科技,603826.SH
昆仑万维,300418.SZ
贵州茅台,600519.SH
东土科技,300353.SZ
拉夏贝尔,603157.SH
拉芳家化,603630.SH
莱宝高科,002106.SZ
徕木股份,603633.SH
朗姿股份,002612.SZ
蓝黛传动,002765.SZ
莱茵体育,000558.SZ
恒泰艾普,300157.SZ
联泰环保,603797.SH
朗迪集团,603726.SH
南国置业,002305.SZ
浪莎股份,600137.SH
银亿股份,000981.SZ
*ST蓝科,601798.SH
兰生股份,600826.SH
兰太实业,600328.SH
立思辰,300010.SZ
兰州黄河,000929.SZ
庄园牧场,002910.SZ
老白干酒,600559.SH
*ST罗顿,600209.SH
莱茵生物,002166.SZ
鲁北化工,600727.SH
老百姓,603883.SH
浪潮信息,000977.SZ
先导智能,300450.SZ
利德曼,300289.SZ
雷曼股份,300162.SZ
利君股份,002651.SZ
乐惠国际,603076.SH
江苏雷利,300660.SZ
蓝思科技,300433.SZ
利欧股份,002131.SZ
立昂技术,300603.SZ
乐山电力,600644.SH
乐普医疗,300003.SZ
乐通股份,002319.SZ
乐视网,300104.SZ
利亚德,300296.SZ
莱绅通灵,603900.SH
蓝丰生化,002513.SZ
ST坊展,600149.SH
老凤祥,600612.SH
鹿港文化,601599.SH
林海股份,600099.SH
隆华科技,300263.SZ
莲花健康,600186.SH
联环药业,600513.SH
联络互动,002280.SZ
联创电子,002036.SZ
联得装备,300545.SZ
联发股份,002394.SZ
联化科技,002250.SZ
联明股份,603006.SH
联创光电,600363.SH
联建光电,300269.SZ
立霸股份,603519.SH
利达光电,002189.SZ
丽岛新材,603937.SH
利尔化学,002258.SZ
力帆股份,601777.SH
绿康生化,002868.SZ
乐心医疗,300562.SZ
炼石有色,000697.SZ
理工环科,002322.SZ
丽江旅游,002033.SZ
百合花,603823.SH
联创互联,300343.SZ
南威软件,603636.SH
玲珑轮胎,601966.SH
羚锐制药,600285.SH
凌钢股份,600231.SH
凌霄泵业,002884.SZ
凌云股份,600480.SH
林洋能源,601222.SH
灵康药业,603669.SH
*ST狮头,600539.SH
丽鹏股份,002374.SZ
利群股份,601366.SH
力生制药,002393.SZ
小天鹅A,000418.SZ
柳工,000528.SZ
六国化工,600470.SH
柳钢股份,601003.SH
丽珠集团,000513.SZ
绿景控股,000502.SZ
隆基机械,002363.SZ
龙建股份,600853.SH
陆家嘴,600663.SH
亚翔集成,603929.SH
龙净环保,600388.SH
雷科防务,002413.SZ
鲁抗医药,600789.SH
联诚精密,002921.SZ
利民股份,002734.SZ
联美控股,600167.SH
*ST海投,600896.SH
雷鸣科化,600985.SH
两面针,600249.SH
辽宁成大,600739.SH
岭南控股,000524.SZ
*ST新能,000720.SZ
岭南股份,002717.SZ
乐歌股份,300729.SZ
宏创控股,002379.SZ
隆鑫通用,603766.SH
龙大肉食,002726.SZ
隆基股份,601012.SH
龙津药业,002750.SZ
*ST龙力,002604.SZ
朗玛信息,300288.SZ
光启技术,002625.SZ
朗新科技,300682.SZ
龙源技术,300105.SZ
龙洲股份,002682.SZ
广州浪奇,000523.SZ
朗源股份,300175.SZ
路通视信,300555.SZ
龙蟠科技,603906.SH
隆平高科,000998.SZ
罗普斯金,002333.SZ
罗平锌电,002114.SZ
龙泉股份,002671.SZ
龙溪股份,600592.SH
兰石重装,603169.SH
陇神戎发,300534.SZ
轻纺城,600790.SH
*ST天化,000912.SZ
鲁泰A,000726.SZ
潞安环能,601699.SH
乐金健康,300247.SZ
乐凯胶片,600135.SH
乐凯新材,300446.SZ
莱美药业,300006.SZ
罗莱生活,002293.SZ
鲁商置业,600223.SH
鲁西化工,000830.SZ
鲁信创投,600783.SH
鹭燕医药,002788.SZ
鲁银投资,600784.SH
泸州老窖,000568.SZ
龙星化工,002442.SZ
良信电器,002706.SZ
立讯精密,002475.SZ
龙元建设,600491.SH
鲁阳节能,002088.SZ
来伊份,603777.SH
洛阳玻璃,600876.SH
连云港,601008.SH
领益智造,002600.SZ
利源精制,002501.SZ
鲁亿通,300423.SZ
*ST柳化,600423.SH
兰州民百,600738.SH
柳药股份,603368.SH
林州重机,002535.SZ
美凯龙,601828.SH
万家乐,000533.SZ
新华联,000620.SZ
美尔雅,600107.SH
麦趣尔,002719.SZ
迈克生物,300463.SZ
美联新材,300586.SZ
茂业商业,600828.SH
茂业通信,000889.SZ
梅安森,300275.SZ
马钢股份,600808.SH
万润科技,002654.SZ
万讯自控,300112.SZ
马应龙,600993.SH
美思德,603041.SH
中国中冶,601618.SH
蒙草生态,300355.SZ
美康生物,300439.SZ
麦迪科技,603990.SH
麦格米特,002851.SZ
美晨生态,300237.SZ
美达股份,000782.SZ
美都能源,600175.SH
美格智能,002881.SZ
梅花生物,600873.SH
美锦能源,000723.SZ
美力科技,300611.SZ
美利云,000815.SZ
美年健康,002044.SZ
美盛文化,002699.SZ
梅雁吉祥,600868.SH
美亚柏科,300188.SZ
梦洁股份,002397.SZ
美诺华,603538.SH
铭普光磁,002902.SZ
闽东电力,000993.SZ
水星家纺,603365.SH
广汇汽车,600297.SH
软控股份,002073.SZ
仁东控股,002647.SZ
梅泰诺,300038.SZ
美邦服饰,002269.SZ
民丰特纸,600235.SH
晨光文具,603899.SH
麦捷科技,300319.SZ
美的集团,000333.SZ
美克家居,600337.SH
密尔克卫,603713.SH
麦达数字,002137.SZ
民德电子,300656.SZ
闽发铝业,002578.SZ
名臣健康,002919.SZ
明牌珠宝,002574.SZ
民和股份,002234.SZ
名家汇,300506.SZ
五矿发展,600058.SH
五矿资本,600390.SH
民生控股,000416.SZ
天奇股份,002009.SZ
美尚生态,300495.SZ
旺能环境,002034.SZ
长荣股份,300195.SZ
梅轮电梯,603321.SH
梦百合,603313.SH
木林森,002745.SZ
摩登大道,002656.SZ
蒙娜丽莎,002918.SZ
梦网集团,002123.SZ
鸣志电器,603728.SH
摩恩电气,002451.SZ
晨鑫科技,002447.SZ
麦迪电气,300341.SZ
茂化实华,000637.SZ
模塑科技,000700.SZ
茂硕电源,002660.SZ
猛狮科技,002684.SZ
明泰铝业,601677.SH
兆驰股份,002429.SZ
京投发展,600683.SH
牧原股份,002714.SZ
明星电力,600101.SH
美亚光电,002690.SZ
美好置业,000667.SZ
美盈森,002303.SZ
南都物业,603506.SH
*ST南风,000737.SZ
能科股份,603859.SH
南方轴承,002553.SZ
黑芝麻,000716.SZ
南卫股份,603880.SH
南风股份,300004.SZ
南极电商,002127.SZ
宝色股份,300402.SZ
南京港,002040.SZ
南山铝业,600219.SH
南山控股,002314.SZ
南纺股份,600250.SH
南天信息,000948.SZ
紫天科技,300280.SZ
南洋股份,002212.SZ
南洋科技,002389.SZ
纳尔股份,002825.SZ
南都电源,300068.SZ
国电南瑞,600406.SH
南大光电,300346.SZ
国星光电,002449.SZ
国民技术,300077.SZ
四维图新,002405.SZ
耐威科技,300456.SZ
宁波建工,601789.SH
宁波富邦,600768.SH
宁波高发,603788.SH
宁波华翔,002048.SZ
宁波海运,600798.SH
诺邦股份,603238.SH
杉杉股份,600884.SH
东睦股份,600114.SH
宁波热电,600982.SH
宁波中百,600857.SH
吉翔股份,603399.SH
南京化纤,600889.SH
新文化,300336.SZ
新华保险,601336.SH
纳川股份,300198.SZ
华北制药,600812.SH
星云股份,300648.SZ
*ST东电,000585.SZ
新光圆成,002147.SZ
东北制药,000597.SZ
海王生物,000078.SZ
二六三,002467.SZ
朗科科技,300042.SZ
东方网力,300367.SZ
生意宝,002095.SZ
东软集团,600718.SH
新美星,300509.SZ
纽威股份,603699.SH
新开普,300248.SZ
东方材料,603110.SH
新宏泰,603016.SH
新希望,000876.SZ
新华都,002264.SZ
新大陆,000997.SZ
新元科技,300472.SZ
中色股份,000758.SZ
农发种业,600313.SH
航发控制,000738.SZ
新宏泽,002836.SZ
*ST慧业,000816.SZ
北方股份,600262.SH
新黄浦,600638.SH
新和成,002001.SZ
恩华药业,002262.SZ
南华仪器,300417.SZ
纳思达,002180.SZ
宁波富达,600724.SH
继峰股份,603997.SH
康强电子,002119.SZ
东方电缆,603606.SH
天龙股份,603266.SH
南钢股份,600282.SH
南京银行,601009.SH
均胜电子,600699.SH
南京高科,600064.SH
南京公用,000421.SZ
南京新百,600682.SH
健友股份,603707.SH
新开源,300109.SZ
内蒙华电,600863.SH
内蒙一机,600967.SH
北方导航,600435.SH
ST南化,600301.SH
南宁百货,600712.SH
南宁糖业,000911.SZ
第一医药,600833.SH
诺力股份,603611.SH
中金岭南,000060.SZ
诺普信,002215.SZ
北方国际,000065.SZ
东北证券,000686.SZ
光电股份,600184.SH
永新股份,002014.SZ
南京医药,600713.SH
南京熊猫,600775.SH
光洋股份,002708.SZ
南京证券,601990.SH
绿盟科技,300369.SZ
深南电A,000037.SZ
新海宜,002089.SZ
新日恒力,600165.SH
醋化股份,603968.SH
今天国际,300532.SZ
四方科技,603339.SH
宁波联合,600051.SH
诺德股份,600110.SH
出版传媒,601999.SH
农尚环境,300536.SZ
新五丰,600975.SH
宁夏建材,600449.SH
南兴装备,002757.SZ
宁波港,601018.SH
欧菲科技,002456.SZ
龙韵股份,603729.SH
欧比特,300053.SZ
中威电子,300270.SZ
海洋王,002724.SZ
泛海控股,000046.SZ
华侨城A,000069.SZ
东方集团,600811.SH
东方创业,600278.SH
苏奥传感,300507.SZ
我乐家居,603326.SH
世运电路,603920.SH
东杰智能,300486.SZ
幸福蓝海,300528.SZ
露天煤业,002128.SZ
东方明珠,600637.SH
欧派家居,603833.SH
欧普照明,603515.SH
尚品宅配,300616.SZ
奥瑞金,002701.SZ
东方网络,002175.SZ
东方海洋,002086.SZ
东方雨虹,002271.SZ
东方证券,600958.SH
东方锆业,002167.SZ
至正股份,603991.SH
东方钽业,000962.SZ
掌趣科技,300315.SZ
牧高笛,603908.SH
奥克股份,300082.SZ
ST岩石,600696.SH
平安银行,000001.SZ
石英股份,603688.SH
太平洋,601099.SH
棕榈股份,002431.SZ
熊猫金控,600599.SH
普邦股份,002663.SZ
超频三,300647.SZ
佳都科技,600728.SH
金鸿控股,000669.SZ
浦东建设,600284.SH
庞大集团,601258.SH
太平鸟,603877.SH
珠江啤酒,002461.SZ
珠江钢琴,002678.SZ
鹏翎股份,300375.SZ
鹏起科技,600614.SH
鹏欣资源,600490.SH
鹏鹞环保,300664.SZ
人民网,603000.SH
倍加洁,603059.SH
中国石油,601857.SH
攀钢钒钛,000629.SZ
药石科技,300725.SZ
华森制药,002907.SZ
凤凰光学,600071.SH
飞凯材料,300398.SZ
飞利信,300287.SZ
凤凰传媒,601928.SH
凤凰股份,600716.SH
皮阿诺,002853.SZ
片仔癀,600436.SH
中国平安,601318.SH
平煤股份,601666.SH
平潭发展,000592.SZ
平庄能源,000780.SZ
盘江股份,600395.SH
北大医药,000788.SZ
至纯科技,603690.SH
普利制药,300630.SZ
博腾股份,300363.SZ
博天环境,603603.SH
中国电建,601669.SH
精锻科技,300258.SZ
濮耐股份,002225.SZ
深物业A,000011.SZ
保利地产,600048.SH
普丽盛,300442.SZ
普利特,002324.SZ
万隆光电,300710.SZ
德艺文创,300640.SZ
普路通,002769.SZ
*ST创兴,600193.SH
珀莱雅,603605.SH
力源信息,300184.SZ
普莱柯,603566.SH
璞泰来,603659.SH
完美世界,002624.SZ
秦安股份,603758.SH
宝泰隆,601011.SH
全柴动力,600218.SH
城市传媒,600229.SH
S蓝谷,600733.SH
青海华鼎,600243.SH
盐湖股份,000792.SZ
量子生物,300149.SZ
强生控股,600662.SH
千禾味业,603027.SH
千红制药,002550.SZ
乾景园林,603778.SH
千金药业,600479.SH
黔源电力,002039.SZ
洽洽食品,002557.SZ
起步股份,603557.SH
齐峰新材,002521.SZ
奇精机械,603677.SH
启明信息,002232.SZ
秦川机床,000837.SZ
青海春天,600381.SH
秦港股份,601326.SH
齐翔腾达,002408.SZ
奇信股份,002781.SZ
北讯集团,002359.SZ
中环装备,300140.SZ
钱江生化,600796.SH
曲江文旅,600706.SH
钱江摩托,000913.SZ
钱江水利,600283.SH
青龙管业,002457.SZ
祁连山,600720.SH
青青稞酒,002646.SZ
青松建化,600425.SH
千山药机,300216.SZ
清水源,300437.SZ
青山纸业,600103.SH
全通教育,300359.SZ
全聚德,002186.SZ
全新好,000007.SZ
移为通信,300590.SZ
快克股份,603203.SH
曲美家居,603818.SH
群兴玩具,002575.SZ
全信股份,300447.SZ
雷迪克,300652.SZ
兆新股份,002256.SZ
天虹股份,002419.SZ
瑞斯康达,603803.SH
雷柏科技,002577.SZ
星辉娱乐,300043.SZ
锐科激光,300747.SZ
睿能科技,603933.SH
润邦股份,002483.SZ
同济堂,600090.SH
瑞康医药,002589.SZ
瑞贝卡,600439.SH
围海股份,002586.SZ
睿康股份,002692.SZ
彤程新材,603650.SH
红蜻蜓,603116.SH
红相股份,300427.SZ
红太阳,000525.SZ
红墙股份,002809.SZ
瑞丰光电,300241.SZ
人人乐,002336.SZ
利安隆,300596.SZ
日播时尚,603196.SH
彩讯股份,300634.SZ
日发精机,002520.SZ
*ST正源,600321.SH
日科化学,300214.SZ
东方日升,300118.SZ
荣盛发展,002146.SZ
日盈电子,603286.SH
日月股份,603218.SH
日照港,600017.SH
润建通信,002929.SZ
瑞凌股份,300154.SZ
广晟有色,600259.SH
中公高科,603860.SH
路畅科技,002813.SZ
老板电器,002508.SZ
机器人,300024.SZ
洛凯股份,603829.SH
荣安地产,000517.SZ
容大感光,300576.SZ
荣丰控股,000668.SZ
榕基软件,002474.SZ
荣晟环保,603165.SH
荣泰健康,603579.SH
露笑科技,002617.SZ
精伦电子,600355.SH
皇氏集团,002329.SZ
仁和药业,000650.SZ
瑞普生物,300119.SZ
新疆火炬,603080.SH
锐奇股份,300126.SZ
荣盛石化,002493.SZ
如通股份,603036.SH
瑞尔特,002790.SZ
瑞丰高材,300243.SZ
瑞和股份,002620.SZ
瑞泰科技,002066.SZ
润达医疗,603108.SH
润都股份,002923.SZ
润禾材料,300727.SZ
闰土股份,002440.SZ
张家港行,002839.SZ
如意集团,002193.SZ
荣之联,002642.SZ
仁智股份,002629.SZ
春秋航空,601021.SH
国电南自,600268.SH
星徽精密,300464.SZ
深圳机场,000089.SZ
航天电器,002025.SZ
圣阳股份,002580.SZ
巴安水务,300262.SZ
赛福天,603028.SH
上汽集团,600104.SH
先河环保,300137.SZ
熙菱信息,300588.SZ
赛隆药业,002898.SZ
赛轮金宇,601058.SH
赛摩电气,300466.SZ
江苏国信,002608.SZ
信立泰,002294.SZ
三安光电,600703.SH
三变科技,002112.SZ
三川智慧,300066.SZ
三孚股份,603938.SH
三丰智能,300276.SZ
三夫户外,002780.SZ
深信服,300454.SZ
三花智控,002050.SZ
三联虹普,300384.SZ
三力士,002224.SZ
三毛派神,000779.SZ
三木集团,000632.SZ
沙隆达A,000553.SZ
三七互娱,002555.SZ
三全食品,002216.SZ
三钢闽光,002110.SZ
三泰控股,002312.SZ
三特索道,002159.SZ
三湘印象,000863.SZ
三星医疗,601567.SH
三一重工,600031.SH
三友化工,600409.SH
三元股份,600429.SH
卫星石化,002648.SZ
星期六,002291.SZ
三维丝,300056.SZ
百联股份,600827.SH
浔兴股份,002098.SZ
蓝英装备,300293.SZ
深深宝A,000019.SZ
苏博特,603916.SH
ST沪科,600608.SH
氯碱化工,600618.SH
深南电路,002916.SZ
山西焦化,600740.SH
川化股份,000155.SZ
豫金刚石,300064.SZ
上海建工,600170.SH
四川金顶,600678.SH
山煤国际,600546.SH
赛升药业,300485.SZ
环能科技,300425.SZ
建设机械,600984.SH
四川美丰,000731.SZ
晨鸣纸业,000488.SZ
双成药业,002693.SZ
东吴证券,601555.SH
水井坊,600779.SH
川投能源,600674.SH
申达股份,600626.SH
山东黄金,600547.SH
博汇纸业,600966.SH
上柴股份,600841.SH
特发信息,000070.SZ
*ST地矿,000409.SZ
山东赫达,002810.SZ
山东海化,000822.SZ
山东华鹏,603021.SH
山东高速,600350.SH
华泰股份,600308.SH
国投资本,600061.SH
国投电力,600886.SH
国投中鲁,600962.SH
山东金泰,600385.SH
雪迪龙,002658.SZ
圣达生物,603079.SH
盛达矿业,000603.SZ
山东药玻,600529.SH
胜利股份,000407.SZ
时代万恒,600241.SH
山东章鼓,002598.SZ
海鸥住工,002084.SZ
国海证券,000750.SZ
国新健康,000503.SZ
中电电机,603988.SH
赛腾股份,603283.SH
深桑达A,000032.SZ
双良节能,600481.SH
深赛格,000058.SZ
深圳能源,000027.SZ
新纶科技,002341.SZ
森马服饰,002563.SZ
森霸传感,300701.SZ
星源材质,300568.SZ
香山股份,002870.SZ
森远股份,300210.SZ
森源电气,002358.SZ
上海电力,600021.SH
七匹狼,002029.SZ
东南网架,002135.SZ
北方华创,002371.SZ
实丰文化,002862.SZ
上海电影,601595.SH
四方达,300179.SZ
丰华股份,600615.SH
顺发恒业,000631.SZ
葵花药业,002737.SZ
三房巷,600370.SH
索菲亚,002572.SZ
实达集团,600734.SH
曙光股份,600303.SH
深圳燃气,601139.SH
海鸥股份,603269.SH
广电电气,601616.SH
圣邦股份,300661.SZ
金麒麟,603586.SH
汇金科技,300561.SZ
韶钢松山,000717.SZ
苏州恒久,002808.SZ
陕鼓动力,601369.SH
陕西黑猫,601015.SH
陕西金叶,000812.SZ
陕天然气,002267.SZ
盘龙药业,002864.SZ
沙钢股份,002075.SZ
沙河股份,000014.SZ
山大华特,000915.SZ
大业股份,603278.SH
弘宇股份,002890.SZ
山东墨龙,002490.SZ
宝莫股份,002476.SZ
山东出版,601019.SH
山东路桥,000498.SZ
石大胜华,603026.SH
赛托生物,300583.SZ
山东钢铁,600022.SH
山东威达,002026.SZ
上工申贝,600843.SH
城地股份,603887.SH
上海电气,601727.SH
上海能源,600508.SH
上海环境,601200.SH
上海钢联,300226.SZ
上海家化,600315.SH
上海凯宝,300039.SZ
力盛赛车,002858.SZ
龙宇燃油,603003.SH
上海医药,601607.SH
上海莱士,002252.SZ
神开股份,002278.SZ
上海新阳,300236.SZ
ST新梅,600732.SH
山推股份,000680.SZ
山西汾酒,600809.SH
兰花科创,600123.SH
山西证券,002500.SZ
山鹰纸业,600567.SH
韶能股份,000601.SZ
光明地产,600708.SH
北特科技,603009.SH
华鑫股份,600621.SH
陕西煤业,601225.SH
龙头股份,600630.SH
申能股份,600642.SH
升达林业,002259.SZ
盛路通信,002446.SZ
盛通股份,002599.SZ
昇兴股份,002752.SZ
盛讯达,300518.SZ
神火股份,000933.SZ
神剑股份,002361.SZ
申科股份,002633.SZ
神奇制药,600613.SH
申通地铁,600834.SH
江苏神通,002438.SZ
神雾节能,000820.SZ
兴齐眼药,300573.SZ
神宇股份,300563.SZ
安车检测,300572.SZ
凯中精密,002823.SZ
科信技术,300565.SZ
金奥博,002917.SZ
美芝股份,002856.SZ
名雕股份,002830.SZ
丝路视觉,300556.SZ
中装建设,002822.SZ
顺利办,000606.SZ
金桥信息,603918.SH
市北高新,600604.SH
世嘉科技,002796.SZ
石基信息,002153.SZ
新界泵业,002532.SZ
欣锐科技,300745.SZ
新华医疗,600587.SH
上海九百,600838.SH
开开实业,600272.SH
寿仙谷,603896.SH
*ST上普,600680.SH
盛和资源,600392.SH
首航节能,002665.SZ
天宸股份,600620.SH
同达创业,600647.SH
双环传动,002472.SZ
*ST双环,000707.SZ
双汇发展,000895.SZ
双林股份,300100.SZ
四川双马,000935.SZ
双塔食品,002481.SZ
双一科技,300690.SZ
顺灏股份,002565.SZ
顺鑫农业,000860.SZ
宣亚国际,300612.SZ
万业企业,600641.SH
金山股份,600396.SH
现代制药,600420.SH
思特奇,300608.SZ
上海机场,600009.SH
四川成渝,601107.SH
四川九洲,000801.SZ
日机密封,300470.SZ
上实发展,600748.SH
赛意信息,300687.SZ
司尔特,002538.SZ
思源电气,002028.SZ
四方股份,601126.SH
士兰微,600460.SH
银禧科技,300221.SZ
银龙股份,603969.SH
思美传媒,002712.SZ
盛弘股份,300693.SZ
中农立华,603970.SH
华微电子,600360.SH
外运发展,600270.SH
未名医药,002581.SZ
国瓷材料,300285.SZ
中化国际,600500.SH
中科金财,002657.SZ
希努尔,002485.SZ
潜能恒信,300191.SZ
神州长城,000018.SZ
吉鑫科技,601218.SH
国金证券,600109.SH
中材节能,603126.SH
中材国际,600970.SH
国机汽车,600335.SH
中材科技,002080.SZ
中矿资源,002738.SZ
中国石化,600028.SH
国药一致,000028.SZ
国药股份,600511.SH
中钢国际,000928.SZ
兆日科技,300333.SZ
中新赛克,002912.SZ
ST锐电,601558.SH
中颖电子,300327.SZ
上港集团,600018.SH
陕国投A,000563.SZ
四通股份,603838.SH
四通新材,300428.SZ
金杯汽车,600609.SH
三聚环保,300072.SZ
三江购物,601116.SH
金枫酒业,600616.SH
交运股份,600676.SH
东方能源,000958.SZ
苏垦农发,601952.SH
三棵树,603737.SH
天瑞仪器,300165.SZ
创维数字,000810.SZ
斯莱克,300382.SZ
畅联股份,603648.SH
世联行,002285.SZ
上海临港,600848.SH
当代东方,000673.SZ
朗科智能,300543.SZ
双鹭药业,002038.SZ
圣龙股份,603178.SH
世龙实业,002748.SZ
香溢融通,600830.SH
上海梅林,600073.SH
智慧能源,600869.SH
世茂股份,600823.SH
上海三毛,600689.SH
上海机电,600835.SH
岷江水电,600131.SH
神马股份,600810.SH
城投控股,600649.SH
山东矿机,002526.SZ
三晖电气,002857.SZ
上海物贸,600822.SH
沈阳机床,000410.SZ
新北洋,002376.SZ
北化股份,002246.SZ
雪人股份,002639.SZ
新世界,600628.SH
石化机械,000852.SZ
中迪投资,000609.SZ
双杰电气,300444.SZ
小康股份,601127.SH
索菱股份,002766.SZ
宋城演艺,300144.SZ
松发股份,603268.SH
松芝股份,002454.SZ
开立医疗,300633.SZ
江苏索普,600746.SH
智慧松德,300173.SZ
南方汇通,000920.SZ
搜于特,002503.SZ
数源科技,000909.SZ
莎普爱思,603168.SH
上海石化,600688.SH
清新环境,002573.SZ
浦发银行,600000.SH
华谊嘉信,300071.SZ
硕贝德,300322.SZ
上海凤凰,600679.SH
深深房A,000029.SZ
远达环保,600292.SH
南方传媒,601900.SH
贵研铂业,600459.SH
四川路桥,600039.SH
世荣兆业,002016.SZ
*ST油服,600871.SH
申华控股,600653.SH
三圣股份,002742.SZ
舒泰神,300204.SZ
史丹利,002588.SZ
星网锐捷,002396.SZ
明星电缆,603333.SH
星湖科技,600866.SH
星网宇达,002829.SZ
司太立,603520.SH
星帅尔,002860.SZ
星普医科,300143.SZ
隧道股份,600820.SH
新时达,002527.SZ
斯太尔,000760.SZ
*ST天业,600807.SH
深纺织A,000045.SZ
欢瑞世纪,000892.SZ
海峡股份,002320.SZ
超讯通信,603322.SH
太钢不锈,000825.SZ
苏宁环球,000718.SZ
宇顺电子,002289.SZ
中核科技,000777.SZ
中科曙光,603019.SH
苏利股份,603585.SH
数码科技,300079.SZ
苏美达,600710.SH
四创电子,600990.SH
大连圣亚,600593.SH
太阳电缆,002300.SZ
新大洲A,000571.SZ
三德科技,300515.SZ
宋都股份,600077.SH
向日葵,300111.SZ
翔港科技,603499.SH
阳光电源,300274.SZ
山河药辅,300452.SZ
苏宁易购,002024.SZ
三垒股份,002621.SZ
*ST圣莱,002473.SZ
长亮科技,300348.SZ
顺络电子,002138.SZ
世名科技,300522.SZ
深南股份,002417.SZ
圣农发展,002299.SZ
三利谱,002876.SZ
芯能科技,603105.SH
太阳纸业,002078.SZ
日出东方,603366.SH
蓝晓科技,300487.SZ
日上集团,002593.SZ
炬华科技,300360.SZ
祥源文化,600576.SH
日海智能,002313.SZ
光韵达,300227.SZ
阳光城,000671.SZ
明阳电路,300739.SZ
索通发展,603612.SH
崇达技术,002815.SZ
孚日股份,002083.SZ
山河智能,002097.SZ
三维通信,002115.SZ
三维工程,002469.SZ
信维通信,300136.SZ
顺威股份,002676.SZ
赛为智能,300044.SZ
欣旺达,300207.SZ
深圳新星,603978.SH
信雅达,600571.SH
新亚制程,002388.SZ
超图软件,300036.SZ
新雷能,300593.SZ
苏泊尔,002032.SZ
任子行,300311.SZ
苏试试验,300416.SZ
春秋电子,603890.SH
苏大维格,300331.SZ
顺网科技,300113.SZ
天鹅股份,603029.SH
*ST三维,000755.SZ
申万宏源,000166.SZ
西南证券,600369.SH
中电兴发,002298.SZ
广电网络,600831.SH
新南洋,600661.SH
双星新材,002585.SZ
三鑫医疗,300453.SZ
商业城,600306.SH
沈阳化工,000698.SZ
盛运环保,300090.SZ
商赢环球,600146.SH
哈工智能,000584.SZ
神思电子,300479.SZ
耀皮玻璃,600819.SH
盛洋科技,603703.SH
生益科技,600183.SH
农产品,000061.SZ
深大通,000038.SZ
科陆电子,002121.SZ
深高速,600548.SH
深圳惠程,002168.SZ
金证股份,600446.SH
苏州高新,600736.SH
证通电子,002197.SZ
天健集团,000090.SZ
泰尔股份,002347.SZ
泰禾集团,000732.SZ
泰合健康,000790.SZ
泰禾光电,603656.SH
台华新材,603055.SH
太极股份,002368.SZ
太极集团,600129.SH
恺英网络,002517.SZ
唐德影视,300426.SZ
拓维信息,002261.SZ
太龙药业,600222.SH
星光农机,603789.SH
田中精机,300461.SZ
天地源,600665.SH
天舟文化,300148.SZ
碳元科技,603133.SH
塔牌集团,002233.SZ
天士力,600535.SH
太安堂,002433.SZ
大富科技,300134.SZ
特变电工,600089.SH
天邦股份,002124.SZ
天成自控,603085.SH
创业环保,600874.SH
太化股份,600281.SH
上峰水泥,000672.SZ
天成控股,600112.SH
TCL集团,000100.SZ
通策医疗,600763.SH
天康生物,002100.SZ
天通股份,600330.SH
通鼎互联,002491.SZ
天地科技,600582.SH
天夏智慧,000662.SZ
华胜天成,600410.SH
通宝能源,600780.SH
长川科技,300604.SZ
达意隆,002209.SZ
天翔环境,300362.SZ
弘讯科技,603015.SH
神州信息,000555.SZ
台基股份,300046.SZ
太龙照明,300650.SZ
德生科技,002908.SZ
泰达股份,000652.SZ
泰瑞机器,603289.SH
透景生命,300642.SZ
泰豪科技,600590.SH
天音控股,000829.SZ
腾邦国际,300178.SZ
腾达建设,600512.SH
腾信股份,300392.SZ
特尔佳,002213.SZ
天孚通信,300394.SZ
铜峰电子,600237.SH
通富微电,002156.SZ
天富能源,600509.SH
通光线缆,300265.SZ
特锐德,300001.SZ
三峡水利,600116.SH
塞力斯,603716.SH
天华超净,300390.SZ
天和防务,300397.SZ
通化东宝,600867.SH
通葡股份,600365.SH
天华院,600579.SH
新经典,603096.SH
台海核电,002366.SZ
三星新材,603578.SH
三维股份,603033.SH
铁汉生态,300197.SZ
同方股份,600100.SH
中科创达,300496.SZ
华宇软件,300271.SZ
天沃科技,002564.SZ
天安新材,603725.SH
天宝食品,002220.SZ
天广中茂,002509.SZ
七一二,603712.SH
天津港,600717.SH
天津普林,002134.SZ
神雾环保,300156.SZ
深天马A,000050.SZ
*ST天马,002122.SZ
天马科技,603668.SH
天目湖,603136.SH
天齐锂业,002466.SZ
天润乳业,600419.SH
天润曲轴,002283.SZ
天山生物,300313.SZ
天晟新材,300169.SZ
天圣制药,002872.SZ
贝瑞基因,000710.SZ
天业通联,002459.SZ
天邑股份,300504.SZ
天银机电,300342.SZ
中钢天源,002057.SZ
天域生态,603717.SH
天喻信息,300205.SZ
天宇股份,300702.SZ
天泽信息,300209.SZ
易明医药,002826.SZ
西藏发展,000752.SZ
西藏药业,600211.SH
西藏珠峰,600338.SH
*ST藏旅,600749.SH
卫信康,603676.SH
海航科技,600751.SH
铁岭新城,000809.SZ
泰格医药,300347.SZ
电广传媒,000917.SZ
时代出版,600551.SH
天赐材料,002709.SZ
天顺风能,002531.SZ
滨海能源,000695.SZ
一汽夏利,000927.SZ
同济科技,600846.SH
天药股份,600488.SH
津劝业,600821.SH
天房发展,600322.SH
中环股份,002129.SZ
精达股份,600577.SH
天津松江,600225.SH
天玑科技,300245.SZ
天保基建,000965.SZ
泰晶科技,603738.SH
桐昆股份,601233.SH
太空智造,300344.SZ
天龙集团,300063.SZ
天龙光电,300029.SZ
天永智能,603895.SH
铜陵有色,000630.SZ
西藏矿业,000762.SZ
津膜科技,300334.SZ
天目药业,600671.SH
时代新材,600458.SH
天能重工,300569.SZ
天地数码,300743.SZ
东富龙,300171.SZ
长信科技,300088.SZ
桃李面包,603866.SH
同德化工,002360.SZ
通达股份,002560.SZ
通程控股,000419.SZ
通达动力,002576.SZ
同大股份,300321.SZ
通化金马,000766.SZ
城发环境,000885.SZ
通源石油,300164.SZ
通润装备,002150.SZ
东方通,300379.SZ
通威股份,600438.SH
通宇通讯,002792.SZ
通裕重工,300185.SZ
通合科技,300491.SZ
中航高科,600862.SH
华塑控股,000509.SZ
天际股份,002759.SZ
拓邦股份,002139.SZ
拓日新能,002218.SZ
鼎信通讯,603421.SH
天创时尚,603608.SH
拓斯达,300607.SZ
天威视讯,002238.SZ
火炬电子,603678.SH
探路者,300005.SZ
得邦照明,603303.SH
同有科技,300302.SZ
天桥起重,002523.SZ
天汽模,002510.SZ
传化智联,002010.SZ
天壕环境,300332.SZ
全筑股份,603030.SH
三角轮胎,601163.SH
淳中科技,603516.SH
强力新材,300429.SZ
创意信息,300366.SZ
拓尔思,300229.SZ
唐人神,002567.SZ
天润数娱,002113.SZ
同仁堂,600085.SH
楚江新材,002171.SZ
楚天科技,300358.SZ
银信科技,300231.SZ
太辰光,300570.SZ
天山股份,000877.SZ
天首发展,000611.SZ
天顺股份,002800.SZ
青岛啤酒,600600.SH
泰胜风能,300129.SZ
泰山石油,000554.SZ
唐山港,601000.SH
赛象科技,002337.SZ
凯盛科技,600552.SH
西藏天路,600326.SH
西藏城投,600773.SH
德创环保,603177.SH
东港股份,002117.SZ
舍得酒业,600702.SH
拓普集团,601689.SH
启迪设计,300500.SZ
启迪古汉,000590.SZ
启迪桑德,000826.SZ
同为股份,002835.SZ
中广天择,603721.SH
达华智能,002512.SZ
同兴达,002845.SZ
天源迪科,300047.SZ
同益股份,300538.SZ
太原重工,600169.SH
太阳能,000591.SZ
特一药业,002728.SZ
标准股份,600302.SH
泰永长征,002927.SZ
中新药业,600329.SH
游久游戏,600652.SH
华联控股,000036.SZ
永艺股份,603600.SH
神州泰岳,300002.SZ
*ST尤夫,002427.SZ
紫光学大,000526.SZ
洲明科技,300232.SZ
联合光电,300691.SZ
*ST华泽,000693.SZ
紫光股份,000938.SZ
合众思壮,002383.SZ
众合科技,000925.SZ
深天地A,000023.SZ
奥普光电,002338.SZ
精准信息,300099.SZ
优博讯,300531.SZ
环旭电子,601231.SH
万润股份,002643.SZ
华菱精工,603356.SH
华菱钢铁,000932.SZ
万方发展,000638.SZ
万科A,000002.SZ
万通地产,600246.SH
万和电气,002543.SZ
海量数据,603138.SH
华帝股份,002035.SZ
中源协和,600645.SH
视觉中国,000681.SZ
维科技术,600152.SH
启明星辰,002439.SZ
维格娜丝,603518.SH
胜宏科技,300476.SZ
胜利精密,002426.SZ
万安科技,002590.SZ
威星智能,002849.SZ
雄韬股份,002733.SZ
维信诺,002387.SZ
威帝股份,603023.SH
菲林格尔,603226.SH
北信源,300352.SZ
蓝海华腾,300484.SZ
威唐工业,300707.SZ
威创股份,002308.SZ
维维股份,600300.SH
沃森生物,300142.SZ
万达电影,002739.SZ
万丰奥威,002085.SZ
佳沃股份,300268.SZ
王府井,600859.SH
网宿科技,300017.SZ
万华化学,600309.SH
皖江物流,600575.SH
万集科技,300552.SZ
万里马,300591.SZ
万里股份,600847.SH
万林股份,603117.SH
万里石,002785.SZ
万里扬,002434.SZ
万马股份,002276.SZ
万马科技,300698.SZ
万年青,000789.SZ
万顺股份,300057.SZ
皖通科技,002331.SZ
万向德农,600371.SH
皖新传媒,601801.SH
华荣股份,603855.SH
华数传媒,000156.SZ
旋极信息,300324.SZ
万邦达,300055.SZ
ST昌鱼,600275.SH
潍柴重机,000880.SZ
万东医疗,600055.SH
泛微网络,603039.SH
万泽股份,000534.SZ
伟隆股份,002871.SZ
潍柴动力,000338.SZ
威孚高科,000581.SZ
维宏股份,300508.SZ
威华股份,002240.SZ
伟明环保,603568.SH
伟星股份,002003.SZ
伟星新材,002372.SZ
维业股份,300621.SZ
维尔利,300190.SZ
禾丰牧业,603609.SH
维力医疗,603309.SH
威尔泰,002058.SZ
文灿股份,603348.SH
皖能电力,000543.SZ
文科园林,002775.SZ
温氏股份,300498.SZ
文一科技,600520.SH
温州宏丰,300283.SZ
西部建设,002302.SZ
西部牧业,300106.SZ
西部矿业,601168.SH
西部黄金,601069.SH
西部资源,600139.SH
西部证券,002673.SZ
西部创业,000557.SZ
卫士通,002268.SZ
文峰股份,601010.SH
卫光生物,002880.SZ
微光股份,002801.SZ
外高桥,600648.SH
沃格光电,603773.SH
华光股份,600475.SH
华东数控,002248.SZ
惠而浦,600983.SH
武汉控股,600168.SH
沃华医药,002107.SZ
韦尔股份,603501.SH
荃银高科,300087.SZ
恒基达鑫,002492.SZ
闻泰科技,600745.SH
汇纳科技,300609.SZ
粤宏远A,000573.SZ
卫宁健康,300253.SZ
ST运盛,600767.SH
云图控股,002539.SZ
金智科技,002090.SZ
川大智胜,002253.SZ
晶方科技,603005.SH
威龙股份,603779.SH
智能自控,002877.SZ
西部材料,002149.SZ
沃尔核材,002130.SZ
卧龙电气,600580.SH
卧龙地产,600173.SH
我武生物,300357.SZ
万兴科技,300624.SZ
万达信息,300168.SZ
网达软件,603189.SH
万孚生物,300482.SZ
沃特股份,002886.SZ
文山电力,600995.SH
万盛股份,603010.SH
沃施股份,300483.SZ
永泰能源,600157.SH
皇庭国际,000056.SZ
吴通控股,300292.SZ
汇嘉时代,603101.SH
吴江银行,603323.SH
武进不锈,603878.SH
五粮液,000858.SZ
鄂武商A,000501.SZ
理工光科,300557.SZ
药明康德,603259.SH
隆盛科技,300680.SZ
无锡银行,600908.SH
皖维高新,600063.SH
万向钱潮,000559.SZ
太极实业,600667.SH
五洋停车,300420.SZ
物产中大,600704.SH
五洲交通,600368.SH
王子新材,002735.SZ
新安股份,600596.SH
西安旅游,000610.SZ
西安饮食,000721.SZ
新宝股份,002705.SZ
西泵股份,002536.SZ
晓程科技,300139.SZ
五洲新春,603667.SH
新潮能源,600777.SH
西昌电力,600505.SH
河北宣工,000923.SZ
徐工机械,000425.SZ
欣天科技,300615.SZ
现代投资,000900.SZ
湘电股份,600416.SH
新凤鸣,603225.SH
厦工股份,600815.SH
新华百货,600785.SH
新华网,603888.SH
厦门空港,600897.SH
霞客环保,002015.SZ
环球印务,002799.SZ
香飘飘,603711.SH
厦门象屿,600057.SH
仙鹤股份,603733.SH
国际实业,000159.SZ
喜临门,603008.SH
西陇科学,002584.SZ
新澳股份,603889.SH
信邦制药,002390.SZ
厦门信达,000701.SZ
兴发集团,600141.SH
兴化股份,002109.SZ
兴民智通,002355.SZ
新光药业,300519.SZ
新国都,300130.SZ
兴业股份,603928.SH
兴业科技,002674.SZ
星宇股份,601799.SH
兴源环境,300266.SZ
韵达股份,002120.SZ
新华传媒,600825.SH
新华制药,000756.SZ
新华文轩,601811.SH
新湖中宝,600208.SH
信捷电气,603416.SH
新疆浩源,002700.SZ
新天然气,603393.SH
新集能源,601918.SH
鑫茂科技,000836.SZ
新朋股份,002328.SZ
新泉股份,603179.SH
新日股份,603787.SH
新赛股份,600540.SH
新钢股份,600782.SH
新天药业,002873.SZ
新天科技,300259.SZ
新通联,603022.SH
信威集团,600485.SH
新乡化纤,000949.SZ
新兴铸管,000778.SZ
新野纺织,002087.SZ
长鹰信质,002664.SZ
新筑股份,002480.SZ
秀强股份,300160.SZ
西王食品,000639.SZ
许继电气,000400.SZ
新疆众和,600888.SH
新疆天业,600075.SH
仙琚制药,002332.SZ
祥龙电业,600769.SH
新联电子,002546.SZ
香梨股份,600506.SH
信隆健康,002105.SZ
新力金融,600318.SH
欣龙控股,000955.SZ
新宁物流,300013.SZ
*ST厦华,600870.SH
厦门港务,000905.SZ
兴蓉环境,000598.SZ
雄塑科技,300599.SZ
西山煤电,000983.SZ
西宁特钢,600117.SH
西水股份,600291.SH
新农开发,600359.SH
厦门钨业,600549.SH
湘潭电化,002125.SZ
仙坛股份,002746.SZ
翔鹭钨业,002842.SZ
卓郎智能,600545.SH
雪峰科技,603227.SH
雪榕生物,300511.SZ
徐家汇,002561.SZ
旭升股份,603305.SH
协鑫集成,002506.SZ
香雪制药,300147.SZ
襄阳轴承,000678.SZ
新洋丰,000902.SZ
新研股份,300159.SZ
西仪股份,002265.SZ
迅游科技,300467.SZ
新坐标,603040.SH
ST准油,002207.SZ
*ST百特,002323.SZ
ST亚邦,603188.SH
亚宝药业,600351.SH
亚星客车,600213.SH
亚光科技,300123.SZ
上海亚虹,603159.SH
雅化集团,002497.SZ
ST仰帆,600421.SH
阳光股份,000608.SZ
阳谷华泰,300121.SZ
洋河股份,002304.SZ
扬杰科技,300373.SZ
扬农化工,600486.SH
晨化股份,300610.SZ
延华智能,002178.SZ
延江股份,300658.SZ
燕京啤酒,000729.SZ
盐津铺子,002847.SZ
冰轮环境,000811.SZ
泰和新材,002254.SZ
燕塘乳业,002732.SZ
盐田港,000088.SZ
兖州煤业,600188.SH
姚记扑克,002605.SZ
亚普股份,603013.SH
亚厦股份,002375.SZ
亚盛集团,600108.SH
亚太实业,000691.SZ
亚太药业,002370.SZ
亚威股份,002559.SZ
亚夏汽车,002607.SZ
亚星化学,600319.SH
博闻科技,600883.SH
天原集团,002386.SZ
元成股份,603388.SH
云南铜业,000878.SZ
延长化建,600248.SH
长江通信,600345.SH
宜昌交运,002627.SZ
易成新能,300080.SZ
融钰集团,002622.SZ
溢多利,300381.SZ
亿联网络,300628.SZ
怡球资源,601388.SH
云南能投,002053.SZ
永贵电器,300351.SZ
豫光金铅,600531.SH
远光软件,002063.SZ
银河电子,002519.SZ
易华录,300212.SZ
益佰制药,600594.SH
宜宾纸业,600793.SH
长江投资,600119.SH
亿帆医药,002019.SZ
益丰药房,603939.SH
宜华健康,000150.SZ
宜华生活,600978.SH
亿嘉和,603666.SH
伊利股份,600887.SH
亿利达,002686.SZ
以岭药业,002603.SZ
*ST新亿,600145.SH
依米康,300249.SZ
益民集团,600824.SH
银邦股份,300337.SZ
银都股份,603277.SH
银鸽投资,600069.SH
赢合科技,300457.SZ
迎驾贡酒,603198.SH
应流股份,603308.SH
银轮股份,002126.SZ
银星能源,000862.SZ
一品红,300723.SZ
益生股份,002458.SZ
英唐智控,300131.SZ
亿通科技,300211.SZ
小商品城,600415.SH
一心堂,002727.SZ
伊之密,300415.SZ
ST景谷,600265.SH
营口港,600317.SH
玉龙股份,601028.SH
英力特,000635.SZ
伊力特,600197.SH
易联众,300096.SZ
阳煤化工,600691.SH
云南城投,600239.SH
云铝股份,000807.SZ
云煤能源,600792.SH
豫能控股,001896.SZ
ST云维,600725.SH
长飞光纤,601869.SH
雅克科技,002409.SZ
永安林业,000663.SZ
永安药业,002365.SZ
永东股份,002753.SZ
永福股份,300712.SZ
永高股份,002641.SZ
永辉超市,601933.SH
永吉股份,603058.SH
永利股份,300230.SZ
永太科技,002326.SZ
永兴特钢,002756.SZ
永悦科技,603879.SH
永清环保,300187.SZ
用友网络,600588.SH
永和智控,002795.SZ
浙江永强,002489.SZ
*ST友好,600778.SH
雅戈尔,600177.SH
永创智能,603901.SH
融捷股份,002192.SZ
友邦吊顶,002718.SZ
游族网络,002174.SZ
阳泉煤业,600348.SH
赢时胜,300377.SZ
益盛药业,002566.SZ
瀛通通讯,002861.SZ
亚通股份,600692.SH
宇通客车,600066.SH
亚泰集团,600881.SH
锡业股份,000960.SZ
圆通速递,600233.SH
银泰资源,000975.SZ
园城黄金,600766.SH
远东传动,002406.SZ
元力股份,300174.SZ
元隆雅图,002878.SZ
远兴能源,000683.SZ
越博动力,300742.SZ
悦达投资,600805.SH
跃岭股份,002725.SZ
岳阳兴长,000819.SZ
宇环数控,002903.SZ
御家汇,300740.SZ
渝开发,000514.SZ
运达科技,300440.SZ
云海金属,002182.SZ
云南白药,000538.SZ
云南锗业,002428.SZ
云南旅游,002059.SZ
云内动力,000903.SZ
宁波韵升,600366.SH
云投生态,002200.SZ
裕同科技,002831.SZ
鱼跃医疗,002223.SZ
越秀金控,000987.SZ
裕兴股份,300305.SZ
云意电气,300304.SZ
岳阳林纸,600963.SH
云天化,600096.SH
豫园股份,600655.SH
扬子新材,002652.SZ
再升科技,603601.SH
藏格控股,000408.SZ
赞宇科技,002637.SZ
珍宝岛,603567.SH
中百集团,000759.SZ
志邦家居,603801.SH
郑州煤电,600121.SH
中大力德,002896.SZ
振德医疗,603301.SH
浙数文化,600633.SH
浙商中拓,000906.SZ
中航电测,300114.SZ
天神娱乐,002354.SZ
中孚实业,600595.SH
保税科技,600794.SH
中光防雷,300414.SZ
正海生物,300653.SZ
章源钨业,002378.SZ
漳泽电力,000767.SZ
浙富控股,002266.SZ
百达精工,603331.SH
晨丰科技,603685.SH
浙江交科,002061.SZ
德宏股份,603701.SH
浙江鼎力,603338.SH
浙能电力,600023.SH
长城科技,603897.SH
嘉澳环保,603822.SH
洁美科技,002859.SZ
今飞凯达,002863.SZ
京华激光,603607.SH
浙江龙盛,600352.SH
浙江美大,002677.SZ
浙江世宝,002703.SZ
祥和实业,603500.SH
天铁股份,300587.SZ
铁流股份,603926.SH
东尼电子,603595.SH
扬帆新材,300637.SZ
阳光照明,600261.SH
兆丰股份,300695.SZ
浙江众成,002522.SZ
中欣氟材,002915.SZ
振东制药,300158.SZ
正邦科技,002157.SZ
正平股份,603843.SH
正业科技,300410.SZ
正元智慧,300645.SZ
振华科技,000733.SZ
振静股份,603477.SH
深振业A,000006.SZ
浙江震元,000705.SZ
浙商证券,601878.SH
柘中股份,002346.SZ
智飞生物,300122.SZ
智光电气,002169.SZ
正海磁材,300224.SZ
中昌数据,600242.SH
中超控股,002471.SZ
*ST保千,600074.SH
中飞股份,300489.SZ
中孚信息,300659.SZ
中富通,300560.SZ
*ST众和,002070.SZ
中恒电气,002364.SZ
中恒集团,600252.SH
中弘股份,000979.SZ
中际旭创,300308.SZ
中金环境,300145.SZ
中金黄金,600489.SH
中科三环,000970.SZ
中利集团,002309.SZ
中南建设,000961.SZ
众生药业,002317.SZ
中泰化学,002092.SZ
中泰股份,300435.SZ
中天金融,000540.SZ
中通国脉,603559.SH
众兴菌业,002772.SZ
中亚股份,300512.SZ
众业达,002441.SZ
*ST中绒,000982.SZ
中原环保,000544.SZ
中原高速,600020.SH
珠海中富,000659.SZ
宏达电子,300726.SZ
株冶集团,600961.SH
紫金矿业,601899.SH
浙江东日,600113.SH
浙江广厦,600052.SH
航民股份,600987.SH
张江高科,600895.SH
尖峰集团,600668.SH
巨化股份,600160.SH
中坚科技,002779.SZ
浙江东方,600120.SH
紫江企业,600210.SH
中捷资源,002021.SZ
浙江仙通,603239.SH
中路股份,600818.SH
浙江医药,600216.SH
郑煤机,601717.SH
中闽能源,600163.SH
武汉中商,000785.SZ
中南文化,002445.SZ
中马传动,603767.SH
宗申动力,001696.SZ
中联重科,000157.SZ
卓翼科技,002369.SZ
中源家居,603709.SH
中曼石油,603619.SH
镇海股份,603637.SH
珠海港,000507.SZ
振华重工,600320.SH
中山公用,000685.SZ
水晶光电,002273.SZ
中青宝,300052.SZ
中润资源,000506.SZ
真视通,002771.SZ
中通客车,000957.SZ
张家界,000430.SZ
中兴通讯,000063.SZ
中天科技,600522.SH
佐力药业,300181.SZ
中文在线,300364.SZ
ST生化,000403.SZ
置信电气,600517.SH
振芯科技,300101.SZ
众信旅游,002707.SZ
智云股份,300097.SZ
*ST毅达,600610.SH
中元股份,300018.SZ
中原内配,002448.SZ
中央商场,600280.SH
中原特钢,002423.SZ
漳州发展,000753.SZ
中珠医疗,600568.SH
